location,quran_word_id,word_text_uthmani,word_text_uthmani_simple,segment_id,segment_location,segment_number,segment_kind,segment_pos,segment_form_buckwalter,segment_form_arabic_normalized,segment_lemma_buckwalter,segment_lemma_id,segment_lemma_text,segment_root_buckwalter,segment_root_id,segment_root_text,current_word_head_stem_id,current_word_head_stem_text,primary_stem_segment_id,primary_stem_segment_number,primary_stem_pos,primary_stem_form_arabic_normalized,primary_stem_lemma_id,primary_stem_lemma_text,primary_stem_root_id,primary_stem_root_text,mechanical_candidate_stem_id,mechanical_candidate_stem_text,mechanical_candidate_match_method,mechanical_candidate_is_same_as_head_stem,mechanical_candidate_is_existing_stem,candidate_status,risk_flags,review_decision,reviewed_stem_id,reviewed_stem_text,review_notes,stem_segments_summary
2:3:6,52,وَمِمَّا,ومما,51437,2:3:6:3,3,STEM,REL,m~aA,مَّا,maA,4,مَا,,,,816,مِ,51436,2,P,مِ,130,مِن,,,446,مَّا,exact_arabic_text_match,false,true,needs_review_contextual_idgham,contextual_idgham;function_word_compound,,,,,P1{n=2;pos=P;form=مِ;lemma=130/مِن;root=-/-} P2{n=3;pos=REL;form=مَّا;lemma=4/مَا;root=-/-}
2:11:9,147,إِنَّمَا,انما,43890,2:11:9:2,2,STEM,PREV,maA,مَا,maA,4,مَا,,,,12,إِنَّ,43889,1,ACC,إِنَّ,11,إِنّ,,,5,مَا,exact_arabic_text_match,false,true,needs_review_text_match,function_word_compound,,,,,P1{n=1;pos=ACC;form=إِنَّ;lemma=11/إِنّ;root=-/-} P2{n=2;pos=PREV;form=مَا;lemma=4/مَا;root=-/-}
2:14:14,192,إِنَّمَا,انما,44950,2:14:14:2,2,STEM,PREV,maA,مَا,maA,4,مَا,,,,12,إِنَّ,44949,1,ACC,إِنَّ,11,إِنّ,,,5,مَا,exact_arabic_text_match,false,true,needs_review_text_match,function_word_compound,,,,,P1{n=1;pos=ACC;form=إِنَّ;lemma=11/إِنّ;root=-/-} P2{n=2;pos=PREV;form=مَا;lemma=4/مَا;root=-/-}
2:23:5,327,مِّمَّا,مما,48690,2:23:5:2,2,STEM,REL,m~aA,مَّا,maA,4,مَا,,,,1305,مِّ,48689,1,P,مِّ,130,مِن,,,446,مَّا,exact_arabic_text_match,false,true,needs_review_contextual_idgham,contextual_idgham;function_word_compound,,,,,P1{n=1;pos=P;form=مِّ;lemma=130/مِن;root=-/-} P2{n=2;pos=REL;form=مَّا;lemma=4/مَا;root=-/-}
2:36:5,606,مِمَّا,مما,51348,2:36:5:2,2,STEM,REL,m~aA,مَّا,maA,4,مَا,,,,816,مِ,51347,1,P,مِ,130,مِن,,,446,مَّا,exact_arabic_text_match,false,true,needs_review_contextual_idgham,contextual_idgham;function_word_compound,,,,,P1{n=1;pos=P;form=مِ;lemma=130/مِن;root=-/-} P2{n=2;pos=REL;form=مَّا;lemma=4/مَا;root=-/-}
2:61:14,985,مِمَّا,مما,52017,2:61:14:2,2,STEM,REL,m~aA,مَّا,maA,4,مَا,,,,816,مِ,52016,1,P,مِ,130,مِن,,,446,مَّا,exact_arabic_text_match,false,true,needs_review_contextual_idgham,contextual_idgham;function_word_compound,,,,,P1{n=1;pos=P;form=مِ;lemma=130/مِن;root=-/-} P2{n=2;pos=REL;form=مَّا;lemma=4/مَا;root=-/-}
2:74:36,1275,عَمَّا,عما,52515,2:74:36:2,2,STEM,REL,m~aA,مَّا,maA,4,مَا,,,,446,مَّا,52514,1,P,عَ,194,عَن,,,446,مَّا,exact_arabic_text_match,true,true,circular_match,contextual_idgham;same_as_head_stem;function_word_compound,,,,,P1{n=1;pos=P;form=عَ;lemma=194/عَن;root=-/-} P2{n=2;pos=REL;form=مَّا;lemma=4/مَا;root=-/-}
2:79:18,1361,مِّمَّا,مما,52652,2:79:18:2,2,STEM,REL,m~aA,مَّا,maA,4,مَا,,,,1305,مِّ,52651,1,P,مِّ,130,مِن,,,446,مَّا,exact_arabic_text_match,false,true,needs_review_contextual_idgham,contextual_idgham;function_word_compound,,,,,P1{n=1;pos=P;form=مِّ;lemma=130/مِن;root=-/-} P2{n=2;pos=REL;form=مَّا;lemma=4/مَا;root=-/-}
2:79:23,1366,مِّمَّا,مما,52663,2:79:23:2,2,STEM,REL,m~aA,مَّا,maA,4,مَا,,,,1305,مِّ,52662,1,P,مِّ,130,مِن,,,446,مَّا,exact_arabic_text_match,false,true,needs_review_contextual_idgham,contextual_idgham;function_word_compound,,,,,P1{n=1;pos=P;form=مِّ;lemma=130/مِن;root=-/-} P2{n=2;pos=REL;form=مَّا;lemma=4/مَا;root=-/-}
2:85:48,1511,عَمَّا,عما,52924,2:85:48:2,2,STEM,REL,m~aA,مَّا,maA,4,مَا,,,,446,مَّا,52923,1,P,عَ,194,عَن,,,446,مَّا,exact_arabic_text_match,true,true,circular_match,contextual_idgham;same_as_head_stem;function_word_compound,,,,,P1{n=1;pos=P;form=عَ;lemma=194/عَن;root=-/-} P2{n=2;pos=REL;form=مَّا;lemma=4/مَا;root=-/-}
2:90:1,1595,بِئْسَمَا,بئسما,53095,2:90:1:2,2,STEM,REL,maA,مَا,maA,4,مَا,,,,2935,بِئْسَ,53094,1,V,بِئْسَ,2934,بِئْسَ,2343,ب   ا   س,5,مَا,exact_arabic_text_match,false,true,needs_review_text_match,function_word_compound,,,,,P1{n=1;pos=V;form=بِئْسَ;lemma=2934/بِئْسَ;root=2343/ب   ا   س} P2{n=2;pos=REL;form=مَا;lemma=4/مَا;root=-/-}
2:93:21,1686,بِئْسَمَا,بئسما,53233,2:93:21:2,2,STEM,REL,maA,مَا,maA,4,مَا,,,,2935,بِئْسَ,53232,1,V,بِئْسَ,2934,بِئْسَ,2343,ب   ا   س,5,مَا,exact_arabic_text_match,false,true,needs_review_text_match,function_word_compound,,,,,P1{n=1;pos=V;form=بِئْسَ;lemma=2934/بِئْسَ;root=2343/ب   ا   س} P2{n=2;pos=REL;form=مَا;lemma=4/مَا;root=-/-}
2:102:30,1854,إِنَّمَا,انما,43272,2:102:30:2,2,STEM,PREV,maA,مَا,maA,4,مَا,,,,12,إِنَّ,43271,1,ACC,إِنَّ,11,إِنّ,,,5,مَا,exact_arabic_text_match,false,true,needs_review_text_match,function_word_compound,,,,,P1{n=1;pos=ACC;form=إِنَّ;lemma=11/إِنّ;root=-/-} P2{n=2;pos=PREV;form=مَا;lemma=4/مَا;root=-/-}
2:113:28,2125,فِيمَا,فيما,43698,2:113:28:2,2,STEM,REL,maA,مَا,maA,4,مَا,,,,653,فِي,43697,1,P,فِي,6,فِى,,,5,مَا,exact_arabic_text_match,false,true,needs_review_text_match,function_word_compound,,,,,P1{n=1;pos=P;form=فِي;lemma=6/فِى;root=-/-} P2{n=2;pos=REL;form=مَا;lemma=4/مَا;root=-/-}
2:114:3,2132,مِمَّن,ممن,43750,2:114:3:2,2,STEM,REL,m~an,مَّن,man,130,مِن,,,,816,مِ,43749,1,P,مِ,130,مِن,,,1220,مَّن,exact_arabic_text_match,false,true,needs_review_contextual_idgham,contextual_idgham;function_word_compound,,,,,P1{n=1;pos=P;form=مِ;lemma=130/مِن;root=-/-} P2{n=2;pos=REL;form=مَّن;lemma=130/مِن;root=-/-}
2:117:7,2195,فَإِنَّمَا,فانما,43816,2:117:7:3,3,STEM,PREV,maA,مَا,maA,4,مَا,,,,12,إِنَّ,43815,2,ACC,إِنَّ,11,إِنّ,,,5,مَا,exact_arabic_text_match,false,true,needs_review_text_match,function_word_compound,,,,,P1{n=2;pos=ACC;form=إِنَّ;lemma=11/إِنّ;root=-/-} P2{n=3;pos=PREV;form=مَا;lemma=4/مَا;root=-/-}
2:134:13,2526,عَمَّا,عما,44350,2:134:13:2,2,STEM,REL,m~aA,مَّا,maA,4,مَا,,,,446,مَّا,44349,1,P,عَ,194,عَن,,,446,مَّا,exact_arabic_text_match,true,true,circular_match,contextual_idgham;same_as_head_stem;function_word_compound,,,,,P1{n=1;pos=P;form=عَ;lemma=194/عَن;root=-/-} P2{n=2;pos=REL;form=مَّا;lemma=4/مَا;root=-/-}
2:137:11,2588,فَإِنَّمَا,فانما,44443,2:137:11:3,3,STEM,PREV,maA,مَا,maA,4,مَا,,,,12,إِنَّ,44442,2,ACC,إِنَّ,11,إِنّ,,,5,مَا,exact_arabic_text_match,false,true,needs_review_text_match,function_word_compound,,,,,P1{n=2;pos=ACC;form=إِنَّ;lemma=11/إِنّ;root=-/-} P2{n=3;pos=PREV;form=مَا;lemma=4/مَا;root=-/-}
2:140:20,2643,مِمَّن,ممن,44564,2:140:20:2,2,STEM,REL,m~an,مَّن,man,130,مِن,,,,816,مِ,44563,1,P,مِ,130,مِن,,,1220,مَّن,exact_arabic_text_match,false,true,needs_review_contextual_idgham,contextual_idgham;function_word_compound,,,,,P1{n=1;pos=P;form=مِ;lemma=130/مِن;root=-/-} P2{n=2;pos=REL;form=مَّن;lemma=130/مِن;root=-/-}
2:140:29,2652,عَمَّا,عما,44577,2:140:29:2,2,STEM,REL,m~aA,مَّا,maA,4,مَا,,,,446,مَّا,44576,1,P,عَ,194,عَن,,,446,مَّا,exact_arabic_text_match,true,true,circular_match,contextual_idgham;same_as_head_stem;function_word_compound,,,,,P1{n=1;pos=P;form=عَ;lemma=194/عَن;root=-/-} P2{n=2;pos=REL;form=مَّا;lemma=4/مَا;root=-/-}
2:141:13,2667,عَمَّا,عما,44601,2:141:13:2,2,STEM,REL,m~aA,مَّا,maA,4,مَا,,,,446,مَّا,44600,1,P,عَ,194,عَن,,,446,مَّا,exact_arabic_text_match,true,true,circular_match,contextual_idgham;same_as_head_stem;function_word_compound,,,,,P1{n=1;pos=P;form=عَ;lemma=194/عَن;root=-/-} P2{n=2;pos=REL;form=مَّا;lemma=4/مَا;root=-/-}
2:143:24,2716,مِمَّن,ممن,44679,2:143:24:2,2,STEM,REL,m~an,مَّن,man,130,مِن,,,,816,مِ,44678,1,P,مِ,130,مِن,,,1220,مَّن,exact_arabic_text_match,false,true,needs_review_contextual_idgham,contextual_idgham;function_word_compound,,,,,P1{n=1;pos=P;form=مِ;lemma=130/مِن;root=-/-} P2{n=2;pos=REL;form=مَّن;lemma=130/مِن;root=-/-}
2:144:33,2771,عَمَّا,عما,44768,2:144:33:2,2,STEM,REL,m~aA,مَّا,maA,4,مَا,,,,446,مَّا,44767,1,P,عَ,194,عَن,,,446,مَّا,exact_arabic_text_match,true,true,circular_match,contextual_idgham;same_as_head_stem;function_word_compound,,,,,P1{n=1;pos=P;form=عَ;lemma=194/عَن;root=-/-} P2{n=2;pos=REL;form=مَّا;lemma=4/مَا;root=-/-}
2:149:16,2865,عَمَّا,عما,44921,2:149:16:2,2,STEM,REL,m~aA,مَّا,maA,4,مَا,,,,446,مَّا,44920,1,P,عَ,194,عَن,,,446,مَّا,exact_arabic_text_match,true,true,circular_match,contextual_idgham;same_as_head_stem;function_word_compound,,,,,P1{n=1;pos=P;form=عَ;lemma=194/عَن;root=-/-} P2{n=2;pos=REL;form=مَّا;lemma=4/مَا;root=-/-}
2:150:15,2882,لِئَلَّا,لئلا,44981,2:150:15:3,3,STEM,NEG,l~aA,لَّا,laA,77,لَا,,,,10279,ئَ,44980,2,SUB,ئَ,462,أَن,,,476,لَّا,exact_arabic_text_match,false,true,needs_review_contextual_idgham,contextual_idgham;function_word_compound,,,,,P1{n=2;pos=SUB;form=ئَ;lemma=462/أَن;root=-/-} P2{n=3;pos=NEG;form=لَّا;lemma=77/لَا;root=-/-}
2:168:4,3192,مِمَّا,مما,45522,2:168:4:2,2,STEM,REL,m~aA,مَّا,maA,4,مَا,,,,816,مِ,45521,1,P,مِ,130,مِن,,,446,مَّا,exact_arabic_text_match,false,true,needs_review_contextual_idgham,contextual_idgham;function_word_compound,,,,,P1{n=1;pos=P;form=مِ;lemma=130/مِن;root=-/-} P2{n=2;pos=REL;form=مَّا;lemma=4/مَا;root=-/-}
2:169:1,3206,إِنَّمَا,انما,45531,2:169:1:2,2,STEM,PREV,maA,مَا,maA,4,مَا,,,,12,إِنَّ,45530,1,ACC,إِنَّ,11,إِنّ,,,5,مَا,exact_arabic_text_match,false,true,needs_review_text_match,function_word_compound,,,,,P1{n=1;pos=ACC;form=إِنَّ;lemma=11/إِنّ;root=-/-} P2{n=2;pos=PREV;form=مَا;lemma=4/مَا;root=-/-}
2:173:1,3275,إِنَّمَا,انما,45654,2:173:1:2,2,STEM,PREV,maA,مَا,maA,4,مَا,,,,12,إِنَّ,45653,1,ACC,إِنَّ,11,إِنّ,,,5,مَا,exact_arabic_text_match,false,true,needs_review_text_match,function_word_compound,,,,,P1{n=1;pos=ACC;form=إِنَّ;lemma=11/إِنّ;root=-/-} P2{n=2;pos=PREV;form=مَا;lemma=4/مَا;root=-/-}
2:181:6,3479,فَإِنَّمَآ,فانما,46034,2:181:6:3,3,STEM,PREV,maA^,مَآ,maA,4,مَا,,,,12,إِنَّ,46033,2,ACC,إِنَّ,11,إِنّ,,,90,مَآ,exact_arabic_text_match,false,true,needs_review_text_match,function_word_compound,,,,,P1{n=2;pos=ACC;form=إِنَّ;lemma=11/إِنّ;root=-/-} P2{n=3;pos=PREV;form=مَآ;lemma=4/مَا;root=-/-}
2:202:4,4017,مِّمَّا,مما,46947,2:202:4:2,2,STEM,REL,m~aA,مَّا,maA,4,مَا,,,,1305,مِّ,46946,1,P,مِّ,130,مِن,,,446,مَّا,exact_arabic_text_match,false,true,needs_review_contextual_idgham,contextual_idgham;function_word_compound,,,,,P1{n=1;pos=P;form=مِّ;lemma=130/مِن;root=-/-} P2{n=2;pos=REL;form=مَّا;lemma=4/مَا;root=-/-}
2:213:17,4212,فِيمَا,فيما,47269,2:213:17:2,2,STEM,REL,maA,مَا,maA,4,مَا,,,,653,فِي,47268,1,P,فِي,6,فِى,,,5,مَا,exact_arabic_text_match,false,true,needs_review_text_match,function_word_compound,,,,,P1{n=1;pos=P;form=فِي;lemma=6/فِى;root=-/-} P2{n=2;pos=REL;form=مَا;lemma=4/مَا;root=-/-}
2:229:13,4645,مِمَّآ,مما,47999,2:229:13:2,2,STEM,REL,m~aA^,مَّآ,maA,4,مَا,,,,816,مِ,47998,1,P,مِ,130,مِن,,,1154,مَّآ,exact_arabic_text_match,false,true,needs_review_contextual_idgham,contextual_idgham;function_word_compound,,,,,P1{n=1;pos=P;form=مِ;lemma=130/مِن;root=-/-} P2{n=2;pos=REL;form=مَّآ;lemma=4/مَا;root=-/-}
2:229:19,4651,أَلَّا,الا,48009,2:229:19:2,2,STEM,NEG,l~aA,لَّا,laA,77,لَا,,,,1184,أَ,48008,1,SUB,أَ,462,أَن,,,476,لَّا,exact_arabic_text_match,false,true,needs_review_contextual_idgham,contextual_idgham;function_word_compound,,,,,P1{n=1;pos=SUB;form=أَ;lemma=462/أَن;root=-/-} P2{n=2;pos=NEG;form=لَّا;lemma=77/لَا;root=-/-}
2:229:25,4657,أَلَّا,الا,48020,2:229:25:2,2,STEM,NEG,l~aA,لَّا,laA,77,لَا,,,,1184,أَ,48019,1,SUB,أَ,462,أَن,,,476,لَّا,exact_arabic_text_match,false,true,needs_review_contextual_idgham,contextual_idgham;function_word_compound,,,,,P1{n=1;pos=SUB;form=أَ;lemma=462/أَن;root=-/-} P2{n=2;pos=NEG;form=لَّا;lemma=77/لَا;root=-/-}
2:229:32,4664,فِيمَا,فيما,48033,2:229:32:2,2,STEM,REL,maA,مَا,maA,4,مَا,,,,653,فِي,48032,1,P,فِي,6,فِى,,,5,مَا,exact_arabic_text_match,false,true,needs_review_text_match,function_word_compound,,,,,P1{n=1;pos=P;form=فِي;lemma=6/فِى;root=-/-} P2{n=2;pos=REL;form=مَا;lemma=4/مَا;root=-/-}
2:234:17,4872,فِيمَا,فيما,48415,2:234:17:2,2,STEM,REL,maA,مَا,maA,4,مَا,,,,653,فِي,48414,1,P,فِي,6,فِى,,,5,مَا,exact_arabic_text_match,false,true,needs_review_text_match,function_word_compound,,,,,P1{n=1;pos=P;form=فِي;lemma=6/فِى;root=-/-} P2{n=2;pos=REL;form=مَا;lemma=4/مَا;root=-/-}
2:235:4,4885,فِيمَا,فيما,48499,2:235:4:2,2,STEM,REL,maA,مَا,maA,4,مَا,,,,653,فِي,48498,1,P,فِي,6,فِى,,,5,مَا,exact_arabic_text_match,false,true,needs_review_text_match,function_word_compound,,,,,P1{n=1;pos=P;form=فِي;lemma=6/فِى;root=-/-} P2{n=2;pos=REL;form=مَا;lemma=4/مَا;root=-/-}
2:246:29,5144,أَلَّا,الا,48874,2:246:29:2,2,STEM,NEG,l~aA,لَّا,laA,77,لَا,,,,1184,أَ,48873,1,SUB,أَ,462,أَن,,,476,لَّا,exact_arabic_text_match,false,true,needs_review_contextual_idgham,contextual_idgham;function_word_compound,,,,,P1{n=1;pos=SUB;form=أَ;lemma=462/أَن;root=-/-} P2{n=2;pos=NEG;form=لَّا;lemma=77/لَا;root=-/-}
2:246:34,5149,أَلَّا,الا,48885,2:246:34:2,2,STEM,NEG,l~aA,لَّا,laA,77,لَا,,,,1184,أَ,48884,1,SUB,أَ,462,أَن,,,476,لَّا,exact_arabic_text_match,false,true,needs_review_contextual_idgham,contextual_idgham;function_word_compound,,,,,P1{n=1;pos=SUB;form=أَ;lemma=462/أَن;root=-/-} P2{n=2;pos=NEG;form=لَّا;lemma=77/لَا;root=-/-}
2:248:15,5229,مِّمَّا,مما,49004,2:248:15:2,2,STEM,REL,m~aA,مَّا,maA,4,مَا,,,,1305,مِّ,49003,1,P,مِّ,130,مِن,,,446,مَّا,exact_arabic_text_match,false,true,needs_review_contextual_idgham,contextual_idgham;function_word_compound,,,,,P1{n=1;pos=P;form=مِّ;lemma=130/مِن;root=-/-} P2{n=2;pos=REL;form=مَّا;lemma=4/مَا;root=-/-}
2:251:12,5334,مِمَّا,مما,49201,2:251:12:2,2,STEM,REL,m~aA,مَّا,maA,4,مَا,,,,816,مِ,49200,1,P,مِ,130,مِن,,,446,مَّا,exact_arabic_text_match,false,true,needs_review_contextual_idgham,contextual_idgham;function_word_compound,,,,,P1{n=1;pos=P;form=مِ;lemma=130/مِن;root=-/-} P2{n=2;pos=REL;form=مَّا;lemma=4/مَا;root=-/-}
2:254:5,5418,مِمَّا,مما,49360,2:254:5:2,2,STEM,REL,m~aA,مَّا,maA,4,مَا,,,,816,مِ,49359,1,P,مِ,130,مِن,,,446,مَّا,exact_arabic_text_match,false,true,needs_review_contextual_idgham,contextual_idgham;function_word_compound,,,,,P1{n=1;pos=P;form=مِ;lemma=130/مِن;root=-/-} P2{n=2;pos=REL;form=مَّا;lemma=4/مَا;root=-/-}
2:264:32,5782,مِّمَّا,مما,49913,2:264:32:2,2,STEM,REL,m~aA,مَّا,maA,4,مَا,,,,1305,مِّ,49912,1,P,مِّ,130,مِن,,,446,مَّا,exact_arabic_text_match,false,true,needs_review_contextual_idgham,contextual_idgham;function_word_compound,,,,,P1{n=1;pos=P;form=مِّ;lemma=130/مِن;root=-/-} P2{n=2;pos=REL;form=مَّا;lemma=4/مَا;root=-/-}
2:267:9,5862,وَمِمَّآ,ومما,50088,2:267:9:3,3,STEM,REL,m~aA^,مَّآ,maA,4,مَا,,,,816,مِ,50087,2,P,مِ,130,مِن,,,1154,مَّآ,exact_arabic_text_match,false,true,needs_review_contextual_idgham,contextual_idgham;function_word_compound,,,,,P1{n=2;pos=P;form=مِ;lemma=130/مِن;root=-/-} P2{n=3;pos=REL;form=مَّآ;lemma=4/مَا;root=-/-}
2:275:17,6046,إِنَّمَا,انما,50393,2:275:17:2,2,STEM,PREV,maA,مَا,maA,4,مَا,,,,12,إِنَّ,50392,1,ACC,إِنَّ,11,إِنّ,,,5,مَا,exact_arabic_text_match,false,true,needs_review_text_match,function_word_compound,,,,,P1{n=1;pos=ACC;form=إِنَّ;lemma=11/إِنّ;root=-/-} P2{n=2;pos=PREV;form=مَا;lemma=4/مَا;root=-/-}
2:282:62,6232,مِمَّن,ممن,50779,2:282:62:2,2,STEM,REL,m~an,مَّن,man,130,مِن,,,,816,مِ,50778,1,P,مِ,130,مِن,,,1220,مَّن,exact_arabic_text_match,false,true,needs_review_contextual_idgham,contextual_idgham;function_word_compound,,,,,P1{n=1;pos=P;form=مِ;lemma=130/مِن;root=-/-} P2{n=2;pos=REL;form=مَّن;lemma=130/مِن;root=-/-}
2:282:94,6264,أَلَّا,الا,50833,2:282:94:2,2,STEM,NEG,l~aA,لَّا,laA,77,لَا,,,,1184,أَ,50832,1,SUB,أَ,462,أَن,,,476,لَّا,exact_arabic_text_match,false,true,needs_review_contextual_idgham,contextual_idgham;function_word_compound,,,,,P1{n=1;pos=SUB;form=أَ;lemma=462/أَن;root=-/-} P2{n=2;pos=NEG;form=لَّا;lemma=77/لَا;root=-/-}
2:282:106,6276,أَلَّا,الا,50644,2:282:106:2,2,STEM,NEG,l~aA,لَّا,laA,77,لَا,,,,1184,أَ,50643,1,SUB,أَ,462,أَن,,,476,لَّا,exact_arabic_text_match,false,true,needs_review_contextual_idgham,contextual_idgham;function_word_compound,,,,,P1{n=1;pos=SUB;form=أَ;lemma=462/أَن;root=-/-} P2{n=2;pos=NEG;form=لَّا;lemma=77/لَا;root=-/-}
3:20:21,6791,فَإِنَّمَا,فانما,70176,3:20:21:3,3,STEM,PREV,maA,مَا,maA,4,مَا,,,,12,إِنَّ,70175,2,ACC,إِنَّ,11,إِنّ,,,5,مَا,exact_arabic_text_match,false,true,needs_review_text_match,function_word_compound,,,,,P1{n=2;pos=ACC;form=إِنَّ;lemma=11/إِنّ;root=-/-} P2{n=3;pos=PREV;form=مَا;lemma=4/مَا;root=-/-}
3:26:11,6892,مِمَّن,ممن,70331,3:26:11:2,2,STEM,REL,m~an,مَّن,man,130,مِن,,,,816,مِ,70330,1,P,مِ,130,مِن,,,1220,مَّن,exact_arabic_text_match,false,true,needs_review_contextual_idgham,contextual_idgham;function_word_compound,,,,,P1{n=1;pos=P;form=مِ;lemma=130/مِن;root=-/-} P2{n=2;pos=REL;form=مَّن;lemma=130/مِن;root=-/-}
3:41:8,7196,أَلَّا,الا,70833,3:41:8:2,2,STEM,NEG,l~aA,لَّا,laA,77,لَا,,,,1184,أَ,70832,1,SUB,أَ,462,أَن,,,476,لَّا,exact_arabic_text_match,false,true,needs_review_contextual_idgham,contextual_idgham;function_word_compound,,,,,P1{n=1;pos=SUB;form=أَ;lemma=462/أَن;root=-/-} P2{n=2;pos=NEG;form=لَّا;lemma=77/لَا;root=-/-}
3:47:19,7299,فَإِنَّمَا,فانما,70963,3:47:19:3,3,STEM,PREV,maA,مَا,maA,4,مَا,,,,12,إِنَّ,70962,2,ACC,إِنَّ,11,إِنّ,,,5,مَا,exact_arabic_text_match,false,true,needs_review_text_match,function_word_compound,,,,,P1{n=2;pos=ACC;form=إِنَّ;lemma=11/إِنّ;root=-/-} P2{n=3;pos=PREV;form=مَا;lemma=4/مَا;root=-/-}
3:55:27,7450,فِيمَا,فيما,71240,3:55:27:2,2,STEM,REL,maA,مَا,maA,4,مَا,,,,653,فِي,71239,1,P,فِي,6,فِى,,,5,مَا,exact_arabic_text_match,false,true,needs_review_text_match,function_word_compound,,,,,P1{n=1;pos=P;form=فِي;lemma=6/فِى;root=-/-} P2{n=2;pos=REL;form=مَا;lemma=4/مَا;root=-/-}
3:64:10,7571,أَلَّا,الا,71444,3:64:10:2,2,STEM,NEG,l~aA,لَّا,laA,77,لَا,,,,1184,أَ,71443,1,SUB,أَ,462,أَن,,,476,لَّا,exact_arabic_text_match,false,true,needs_review_contextual_idgham,contextual_idgham;function_word_compound,,,,,P1{n=1;pos=SUB;form=أَ;lemma=462/أَن;root=-/-} P2{n=2;pos=NEG;form=لَّا;lemma=77/لَا;root=-/-}
3:66:4,7613,فِيمَا,فيما,71540,3:66:4:2,2,STEM,REL,maA,مَا,maA,4,مَا,,,,653,فِي,71539,1,P,فِي,6,فِى,,,5,مَا,exact_arabic_text_match,false,true,needs_review_text_match,function_word_compound,,,,,P1{n=1;pos=P;form=فِي;lemma=6/فِى;root=-/-} P2{n=2;pos=REL;form=مَا;lemma=4/مَا;root=-/-}
3:66:10,7619,فِيمَا,فيما,71521,3:66:10:2,2,STEM,REL,maA,مَا,maA,4,مَا,,,,653,فِي,71520,1,P,فِي,6,فِى,,,5,مَا,exact_arabic_text_match,false,true,needs_review_text_match,function_word_compound,,,,,P1{n=1;pos=P;form=فِي;lemma=6/فِى;root=-/-} P2{n=2;pos=REL;form=مَا;lemma=4/مَا;root=-/-}
3:92:6,8098,مِمَّا,مما,72396,3:92:6:2,2,STEM,REL,m~aA,مَّا,maA,4,مَا,,,,816,مِ,72395,1,P,مِ,130,مِن,,,446,مَّا,exact_arabic_text_match,false,true,needs_review_contextual_idgham,contextual_idgham;function_word_compound,,,,,P1{n=1;pos=P;form=مِ;lemma=130/مِن;root=-/-} P2{n=2;pos=REL;form=مَّا;lemma=4/مَا;root=-/-}
3:99:18,8225,عَمَّا,عما,72556,3:99:18:2,2,STEM,REL,m~aA,مَّا,maA,4,مَا,,,,446,مَّا,72555,1,P,عَ,194,عَن,,,446,مَّا,exact_arabic_text_match,true,true,circular_match,contextual_idgham;same_as_head_stem;function_word_compound,,,,,P1{n=1;pos=P;form=عَ;lemma=194/عَن;root=-/-} P2{n=2;pos=REL;form=مَّا;lemma=4/مَا;root=-/-}
3:155:8,9230,إِنَّمَا,انما,68606,3:155:8:2,2,STEM,PREV,maA,مَا,maA,4,مَا,,,,12,إِنَّ,68605,1,ACC,إِنَّ,11,إِنّ,,,5,مَا,exact_arabic_text_match,false,true,needs_review_text_match,function_word_compound,,,,,P1{n=1;pos=ACC;form=إِنَّ;lemma=11/إِنّ;root=-/-} P2{n=2;pos=PREV;form=مَا;lemma=4/مَا;root=-/-}
3:157:13,9294,مِّمَّا,مما,68677,3:157:13:2,2,STEM,REL,m~aA,مَّا,maA,4,مَا,,,,1305,مِّ,68676,1,P,مِّ,130,مِن,,,446,مَّا,exact_arabic_text_match,false,true,needs_review_contextual_idgham,contextual_idgham;function_word_compound,,,,,P1{n=1;pos=P;form=مِّ;lemma=130/مِن;root=-/-} P2{n=2;pos=REL;form=مَّا;lemma=4/مَا;root=-/-}
3:170:14,9535,أَلَّا,الا,69102,3:170:14:2,2,STEM,NEG,l~aA,لَّا,laA,77,لَا,,,,1184,أَ,69101,1,SUB,أَ,462,أَن,,,476,لَّا,exact_arabic_text_match,false,true,needs_review_contextual_idgham,contextual_idgham;function_word_compound,,,,,P1{n=1;pos=SUB;form=أَ;lemma=462/أَن;root=-/-} P2{n=2;pos=NEG;form=لَّا;lemma=77/لَا;root=-/-}
3:175:1,9604,إِنَّمَا,انما,69223,3:175:1:2,2,STEM,PREV,maA,مَا,maA,4,مَا,,,,12,إِنَّ,69222,1,ACC,إِنَّ,11,إِنّ,,,5,مَا,exact_arabic_text_match,false,true,needs_review_text_match,function_word_compound,,,,,P1{n=1;pos=ACC;form=إِنَّ;lemma=11/إِنّ;root=-/-} P2{n=2;pos=PREV;form=مَا;lemma=4/مَا;root=-/-}
3:176:14,9629,أَلَّا,الا,69250,3:176:14:2,2,STEM,NEG,l~aA,لَّا,laA,77,لَا,,,,1184,أَ,69249,1,SUB,أَ,462,أَن,,,476,لَّا,exact_arabic_text_match,false,true,needs_review_contextual_idgham,contextual_idgham;function_word_compound,,,,,P1{n=1;pos=SUB;form=أَ;lemma=462/أَن;root=-/-} P2{n=2;pos=NEG;form=لَّا;lemma=77/لَا;root=-/-}
3:178:5,9656,أَنَّمَا,انما,69317,3:178:5:2,2,STEM,REL,maA,مَا,maA,4,مَا,,,,251,أَنَّ,69316,1,ACC,أَنَّ,250,أَنّ,,,5,مَا,exact_arabic_text_match,false,true,needs_review_text_match,function_word_compound,,,,,P1{n=1;pos=ACC;form=أَنَّ;lemma=250/أَنّ;root=-/-} P2{n=2;pos=REL;form=مَا;lemma=4/مَا;root=-/-}
3:178:10,9661,إِنَّمَا,انما,69298,3:178:10:2,2,STEM,PREV,maA,مَا,maA,4,مَا,,,,12,إِنَّ,69297,1,ACC,إِنَّ,11,إِنّ,,,5,مَا,exact_arabic_text_match,false,true,needs_review_text_match,function_word_compound,,,,,P1{n=1;pos=ACC;form=إِنَّ;lemma=11/إِنّ;root=-/-} P2{n=2;pos=PREV;form=مَا;lemma=4/مَا;root=-/-}
3:183:7,9777,أَلَّا,الا,69544,3:183:7:2,2,STEM,NEG,l~aA,لَّا,laA,77,لَا,,,,1184,أَ,69543,1,SUB,أَ,462,أَن,,,476,لَّا,exact_arabic_text_match,false,true,needs_review_contextual_idgham,contextual_idgham;function_word_compound,,,,,P1{n=1;pos=SUB;form=أَ;lemma=462/أَن;root=-/-} P2{n=2;pos=NEG;form=لَّا;lemma=77/لَا;root=-/-}
3:185:5,9817,وَإِنَّمَا,وانما,69603,3:185:5:3,3,STEM,PREV,maA,مَا,maA,4,مَا,,,,12,إِنَّ,69602,2,ACC,إِنَّ,11,إِنّ,,,5,مَا,exact_arabic_text_match,false,true,needs_review_text_match,function_word_compound,,,,,P1{n=2;pos=ACC;form=إِنَّ;lemma=11/إِنّ;root=-/-} P2{n=3;pos=PREV;form=مَا;lemma=4/مَا;root=-/-}
4:3:3,10169,أَلَّا,الا,87407,4:3:3:2,2,STEM,NEG,l~aA,لَّا,laA,77,لَا,,,,1184,أَ,87406,1,SUB,أَ,462,أَن,,,476,لَّا,exact_arabic_text_match,false,true,needs_review_contextual_idgham,contextual_idgham;function_word_compound,,,,,P1{n=1;pos=SUB;form=أَ;lemma=462/أَن;root=-/-} P2{n=2;pos=NEG;form=لَّا;lemma=77/لَا;root=-/-}
4:3:18,10184,أَلَّا,الا,87388,4:3:18:2,2,STEM,NEG,l~aA,لَّا,laA,77,لَا,,,,1184,أَ,87387,1,SUB,أَ,462,أَن,,,476,لَّا,exact_arabic_text_match,false,true,needs_review_contextual_idgham,contextual_idgham;function_word_compound,,,,,P1{n=1;pos=SUB;form=أَ;lemma=462/أَن;root=-/-} P2{n=2;pos=NEG;form=لَّا;lemma=77/لَا;root=-/-}
4:3:27,10193,أَلَّا,الا,87403,4:3:27:2,2,STEM,NEG,l~aA,لَّا,laA,77,لَا,,,,1184,أَ,87402,1,SUB,أَ,462,أَن,,,476,لَّا,exact_arabic_text_match,false,true,needs_review_contextual_idgham,contextual_idgham;function_word_compound,,,,,P1{n=1;pos=SUB;form=أَ;lemma=462/أَن;root=-/-} P2{n=2;pos=NEG;form=لَّا;lemma=77/لَا;root=-/-}
4:7:3,10268,مِّمَّا,مما,88832,4:7:3:2,2,STEM,REL,m~aA,مَّا,maA,4,مَا,,,,1305,مِّ,88831,1,P,مِّ,130,مِن,,,446,مَّا,exact_arabic_text_match,false,true,needs_review_contextual_idgham,contextual_idgham;function_word_compound,,,,,P1{n=1;pos=P;form=مِّ;lemma=130/مِن;root=-/-} P2{n=2;pos=REL;form=مَّا;lemma=4/مَا;root=-/-}
4:7:9,10274,مِّمَّا,مما,88845,4:7:9:2,2,STEM,REL,m~aA,مَّا,maA,4,مَا,,,,1305,مِّ,88844,1,P,مِّ,130,مِن,,,446,مَّا,exact_arabic_text_match,false,true,needs_review_contextual_idgham,contextual_idgham;function_word_compound,,,,,P1{n=1;pos=P;form=مِّ;lemma=130/مِن;root=-/-} P2{n=2;pos=REL;form=مَّا;lemma=4/مَا;root=-/-}
4:7:13,10278,مِمَّا,مما,88822,4:7:13:2,2,STEM,REL,m~aA,مَّا,maA,4,مَا,,,,816,مِ,88821,1,P,مِ,130,مِن,,,446,مَّا,exact_arabic_text_match,false,true,needs_review_contextual_idgham,contextual_idgham;function_word_compound,,,,,P1{n=1;pos=P;form=مِ;lemma=130/مِن;root=-/-} P2{n=2;pos=REL;form=مَّا;lemma=4/مَا;root=-/-}
4:10:7,10322,إِنَّمَا,انما,83936,4:10:7:2,2,STEM,PREV,maA,مَا,maA,4,مَا,,,,12,إِنَّ,83935,1,ACC,إِنَّ,11,إِنّ,,,5,مَا,exact_arabic_text_match,false,true,needs_review_text_match,function_word_compound,,,,,P1{n=1;pos=ACC;form=إِنَّ;lemma=11/إِنّ;root=-/-} P2{n=2;pos=PREV;form=مَا;lemma=4/مَا;root=-/-}
4:11:28,10357,مِمَّا,مما,84244,4:11:28:2,2,STEM,REL,m~aA,مَّا,maA,4,مَا,,,,816,مِ,84243,1,P,مِ,130,مِن,,,446,مَّا,exact_arabic_text_match,false,true,needs_review_contextual_idgham,contextual_idgham;function_word_compound,,,,,P1{n=1;pos=P;form=مِ;lemma=130/مِن;root=-/-} P2{n=2;pos=REL;form=مَّا;lemma=4/مَا;root=-/-}
4:12:17,10418,مِمَّا,مما,84648,4:12:17:2,2,STEM,REL,m~aA,مَّا,maA,4,مَا,,,,816,مِ,84647,1,P,مِ,130,مِن,,,446,مَّا,exact_arabic_text_match,false,true,needs_review_contextual_idgham,contextual_idgham;function_word_compound,,,,,P1{n=1;pos=P;form=مِ;lemma=130/مِن;root=-/-} P2{n=2;pos=REL;form=مَّا;lemma=4/مَا;root=-/-}
4:12:28,10429,مِمَّا,مما,84667,4:12:28:2,2,STEM,REL,m~aA,مَّا,maA,4,مَا,,,,816,مِ,84666,1,P,مِ,130,مِن,,,446,مَّا,exact_arabic_text_match,false,true,needs_review_contextual_idgham,contextual_idgham;function_word_compound,,,,,P1{n=1;pos=P;form=مِ;lemma=130/مِن;root=-/-} P2{n=2;pos=REL;form=مَّا;lemma=4/مَا;root=-/-}
4:12:41,10442,مِمَّا,مما,84690,4:12:41:2,2,STEM,REL,m~aA,مَّا,maA,4,مَا,,,,816,مِ,84689,1,P,مِ,130,مِن,,,446,مَّا,exact_arabic_text_match,false,true,needs_review_contextual_idgham,contextual_idgham;function_word_compound,,,,,P1{n=1;pos=P;form=مِ;lemma=130/مِن;root=-/-} P2{n=2;pos=REL;form=مَّا;lemma=4/مَا;root=-/-}
4:17:1,10562,إِنَّمَا,انما,86380,4:17:1:2,2,STEM,PREV,maA,مَا,maA,4,مَا,,,,12,إِنَّ,86379,1,ACC,إِنَّ,11,إِنّ,,,5,مَا,exact_arabic_text_match,false,true,needs_review_text_match,function_word_compound,,,,,P1{n=1;pos=ACC;form=إِنَّ;lemma=11/إِنّ;root=-/-} P2{n=2;pos=PREV;form=مَا;lemma=4/مَا;root=-/-}
4:24:32,10777,فِيمَا,فيما,86767,4:24:32:2,2,STEM,REL,maA,مَا,maA,4,مَا,,,,653,فِي,86766,1,P,فِي,6,فِى,,,5,مَا,exact_arabic_text_match,false,true,needs_review_text_match,function_word_compound,,,,,P1{n=1;pos=P;form=فِي;lemma=6/فِى;root=-/-} P2{n=2;pos=REL;form=مَا;lemma=4/مَا;root=-/-}
4:32:12,10948,مِّمَّا,مما,87047,4:32:12:2,2,STEM,REL,m~aA,مَّا,maA,4,مَا,,,,1305,مِّ,87046,1,P,مِّ,130,مِن,,,446,مَّا,exact_arabic_text_match,false,true,needs_review_contextual_idgham,contextual_idgham;function_word_compound,,,,,P1{n=1;pos=P;form=مِّ;lemma=130/مِن;root=-/-} P2{n=2;pos=REL;form=مَّا;lemma=4/مَا;root=-/-}
4:32:16,10952,مِّمَّا,مما,87056,4:32:16:2,2,STEM,REL,m~aA,مَّا,maA,4,مَا,,,,1305,مِّ,87055,1,P,مِّ,130,مِن,,,446,مَّا,exact_arabic_text_match,false,true,needs_review_contextual_idgham,contextual_idgham;function_word_compound,,,,,P1{n=1;pos=P;form=مِّ;lemma=130/مِن;root=-/-} P2{n=2;pos=REL;form=مَّا;lemma=4/مَا;root=-/-}
4:33:4,10968,مِمَّا,مما,87106,4:33:4:2,2,STEM,REL,m~aA,مَّا,maA,4,مَا,,,,816,مِ,87105,1,P,مِ,130,مِن,,,446,مَّا,exact_arabic_text_match,false,true,needs_review_contextual_idgham,contextual_idgham;function_word_compound,,,,,P1{n=1;pos=P;form=مِ;lemma=130/مِن;root=-/-} P2{n=2;pos=REL;form=مَّا;lemma=4/مَا;root=-/-}
4:39:9,11125,مِمَّا,مما,87370,4:39:9:2,2,STEM,REL,m~aA,مَّا,maA,4,مَا,,,,816,مِ,87369,1,P,مِ,130,مِن,,,446,مَّا,exact_arabic_text_match,false,true,needs_review_contextual_idgham,contextual_idgham;function_word_compound,,,,,P1{n=1;pos=P;form=مِ;lemma=130/مِن;root=-/-} P2{n=2;pos=REL;form=مَّا;lemma=4/مَا;root=-/-}
4:58:18,11500,نِعِمَّا,نعما,87981,4:58:18:2,2,STEM,REL,m~aA,مَّا,maA,4,مَا,,,,446,مَّا,87980,1,V,نِعِ,4038,نِعْمَ,196,ن ع م,446,مَّا,exact_arabic_text_match,true,true,circular_match,contextual_idgham;same_as_head_stem;function_word_compound,,,,,P1{n=1;pos=V;form=نِعِ;lemma=4038/نِعْمَ;root=196/ن ع م} P2{n=2;pos=REL;form=مَّا;lemma=4/مَا;root=-/-}
4:65:7,11649,فِيمَا,فيما,88277,4:65:7:2,2,STEM,REL,maA,مَا,maA,4,مَا,,,,653,فِي,88276,1,P,فِي,6,فِى,,,5,مَا,exact_arabic_text_match,false,true,needs_review_text_match,function_word_compound,,,,,P1{n=1;pos=P;form=فِي;lemma=6/فِى;root=-/-} P2{n=2;pos=REL;form=مَا;lemma=4/مَا;root=-/-}
4:65:16,11658,مِّمَّا,مما,88259,4:65:16:2,2,STEM,REL,m~aA,مَّا,maA,4,مَا,,,,1305,مِّ,88258,1,P,مِّ,130,مِن,,,446,مَّا,exact_arabic_text_match,false,true,needs_review_contextual_idgham,contextual_idgham;function_word_compound,,,,,P1{n=1;pos=P;form=مِّ;lemma=130/مِن;root=-/-} P2{n=2;pos=REL;form=مَّا;lemma=4/مَا;root=-/-}
4:78:1,11901,أَيْنَمَا,اينما,88728,4:78:1:2,2,STEM,SUP,maA,مَا,maA,4,مَا,,,,5069,أَيْنَ,88727,1,COND,أَيْنَ,5068,أَيْن,,,5,مَا,exact_arabic_text_match,false,true,needs_review_text_match,function_word_compound,,,,,P1{n=1;pos=COND;form=أَيْنَ;lemma=5068/أَيْن;root=-/-} P2{n=2;pos=SUP;form=مَا;lemma=4/مَا;root=-/-}
4:97:8,12410,فِيمَ,فيم,89605,4:97:8:2,2,STEM,INTG,ma,مَ,maA,4,مَا,,,,4727,مَ,89604,1,P,فِي,6,فِى,,,4727,مَ,exact_arabic_text_match,true,true,circular_match,same_as_head_stem;function_word_compound,,,,,P1{n=1;pos=P;form=فِي;lemma=6/فِى;root=-/-} P2{n=2;pos=INTG;form=مَ;lemma=4/مَا;root=-/-}
4:111:4,12715,فَإِنَّمَا,فانما,83963,4:111:4:3,3,STEM,PREV,maA,مَا,maA,4,مَا,,,,12,إِنَّ,83962,2,ACC,إِنَّ,11,إِنّ,,,5,مَا,exact_arabic_text_match,false,true,needs_review_text_match,function_word_compound,,,,,P1{n=2;pos=ACC;form=إِنَّ;lemma=11/إِنّ;root=-/-} P2{n=3;pos=PREV;form=مَا;lemma=4/مَا;root=-/-}
4:125:4,12964,مِّمَّنْ,ممن,84446,4:125:4:2,2,STEM,REL,m~ano,مَّنْ,man,130,مِن,,,,1305,مِّ,84445,1,P,مِّ,130,مِن,,,3854,مَّنْ,exact_arabic_text_match,false,true,needs_review_contextual_idgham,contextual_idgham;function_word_compound,,,,,P1{n=1;pos=P;form=مِّ;lemma=130/مِن;root=-/-} P2{n=2;pos=REL;form=مَّنْ;lemma=130/مِن;root=-/-}
4:171:13,13877,إِنَّمَا,انما,86098,4:171:13:2,2,STEM,PREV,maA,مَا,maA,4,مَا,,,,12,إِنَّ,86097,1,ACC,إِنَّ,11,إِنّ,,,5,مَا,exact_arabic_text_match,false,true,needs_review_text_match,function_word_compound,,,,,P1{n=1;pos=ACC;form=إِنَّ;lemma=11/إِنّ;root=-/-} P2{n=2;pos=PREV;form=مَا;lemma=4/مَا;root=-/-}
4:171:35,13899,إِنَّمَا,انما,86139,4:171:35:2,2,STEM,PREV,maA,مَا,maA,4,مَا,,,,12,إِنَّ,86138,1,ACC,إِنَّ,11,إِنّ,,,5,مَا,exact_arabic_text_match,false,true,needs_review_text_match,function_word_compound,,,,,P1{n=1;pos=ACC;form=إِنَّ;lemma=11/إِنّ;root=-/-} P2{n=2;pos=PREV;form=مَا;lemma=4/مَا;root=-/-}
4:176:31,14023,مِمَّا,مما,86340,4:176:31:2,2,STEM,REL,m~aA,مَّا,maA,4,مَا,,,,816,مِ,86339,1,P,مِ,130,مِن,,,446,مَّا,exact_arabic_text_match,false,true,needs_review_contextual_idgham,contextual_idgham;function_word_compound,,,,,P1{n=1;pos=P;form=مِ;lemma=130/مِن;root=-/-} P2{n=2;pos=REL;form=مَّا;lemma=4/مَا;root=-/-}
5:4:15,14197,مِمَّا,مما,98955,5:4:15:2,2,STEM,REL,m~aA,مَّا,maA,4,مَا,,,,816,مِ,98954,1,P,مِ,130,مِن,,,446,مَّا,exact_arabic_text_match,false,true,needs_review_contextual_idgham,contextual_idgham;function_word_compound,,,,,P1{n=1;pos=P;form=مِ;lemma=130/مِن;root=-/-} P2{n=2;pos=REL;form=مَّا;lemma=4/مَا;root=-/-}
5:4:19,14201,مِمَّآ,مما,98963,5:4:19:2,2,STEM,REL,m~aA^,مَّآ,maA,4,مَا,,,,816,مِ,98962,1,P,مِ,130,مِن,,,1154,مَّآ,exact_arabic_text_match,false,true,needs_review_contextual_idgham,contextual_idgham;function_word_compound,,,,,P1{n=1;pos=P;form=مِ;lemma=130/مِن;root=-/-} P2{n=2;pos=REL;form=مَّآ;lemma=4/مَا;root=-/-}
5:8:14,14354,أَلَّا,الا,100544,5:8:14:2,2,STEM,NEG,l~aA,لَّا,laA,77,لَا,,,,1184,أَ,100543,1,SUB,أَ,462,أَن,,,476,لَّا,exact_arabic_text_match,false,true,needs_review_contextual_idgham,contextual_idgham;function_word_compound,,,,,P1{n=1;pos=SUB;form=أَ;lemma=462/أَن;root=-/-} P2{n=2;pos=NEG;form=لَّا;lemma=77/لَا;root=-/-}
5:13:14,14470,مِّمَّا,مما,97232,5:13:14:2,2,STEM,REL,m~aA,مَّا,maA,4,مَا,,,,1305,مِّ,97231,1,P,مِّ,130,مِن,,,446,مَّا,exact_arabic_text_match,false,true,needs_review_contextual_idgham,contextual_idgham;function_word_compound,,,,,P1{n=1;pos=P;form=مِّ;lemma=130/مِن;root=-/-} P2{n=2;pos=REL;form=مَّا;lemma=4/مَا;root=-/-}
5:14:10,14499,مِّمَّا,مما,97280,5:14:10:2,2,STEM,REL,m~aA,مَّا,maA,4,مَا,,,,1305,مِّ,97279,1,P,مِّ,130,مِن,,,446,مَّا,exact_arabic_text_match,false,true,needs_review_contextual_idgham,contextual_idgham;function_word_compound,,,,,P1{n=1;pos=P;form=مِّ;lemma=130/مِن;root=-/-} P2{n=2;pos=REL;form=مَّا;lemma=4/مَا;root=-/-}
5:15:9,14524,مِّمَّا,مما,97358,5:15:9:2,2,STEM,REL,m~aA,مَّا,maA,4,مَا,,,,1305,مِّ,97357,1,P,مِّ,130,مِن,,,446,مَّا,exact_arabic_text_match,false,true,needs_review_contextual_idgham,contextual_idgham;function_word_compound,,,,,P1{n=1;pos=P;form=مِّ;lemma=130/مِن;root=-/-} P2{n=2;pos=REL;form=مَّا;lemma=4/مَا;root=-/-}
5:18:15,14616,مِّمَّنْ,ممن,97458,5:18:15:2,2,STEM,REL,m~ano,مَّنْ,man,130,مِن,,,,1305,مِّ,97457,1,P,مِّ,130,مِن,,,3854,مَّنْ,exact_arabic_text_match,false,true,needs_review_contextual_idgham,contextual_idgham;function_word_compound,,,,,P1{n=1;pos=P;form=مِّ;lemma=130/مِن;root=-/-} P2{n=2;pos=REL;form=مَّنْ;lemma=130/مِن;root=-/-}
5:27:20,14805,إِنَّمَا,انما,97796,5:27:20:2,2,STEM,PREV,maA,مَا,maA,4,مَا,,,,12,إِنَّ,97795,1,ACC,إِنَّ,11,إِنّ,,,5,مَا,exact_arabic_text_match,false,true,needs_review_text_match,function_word_compound,,,,,P1{n=1;pos=ACC;form=إِنَّ;lemma=11/إِنّ;root=-/-} P2{n=2;pos=PREV;form=مَا;lemma=4/مَا;root=-/-}
5:32:18,14895,فَكَأَنَّمَا,فكانما,98025,5:32:18:3,3,STEM,PREV,maA,مَا,maA,4,مَا,,,,1072,كَأَنَّ,98024,2,ACC,كَأَنَّ,1071,كَأَنّ,,,5,مَا,exact_arabic_text_match,false,true,needs_review_text_match,function_word_compound,,,,,P1{n=2;pos=ACC;form=كَأَنَّ;lemma=1071/كَأَنّ;root=-/-} P2{n=3;pos=PREV;form=مَا;lemma=4/مَا;root=-/-}
5:32:24,14901,فَكَأَنَّمَآ,فكانما,98037,5:32:24:3,3,STEM,PREV,maA^,مَآ,maA,4,مَا,,,,1072,كَأَنَّ,98036,2,ACC,كَأَنَّ,1071,كَأَنّ,,,90,مَآ,exact_arabic_text_match,false,true,needs_review_text_match,function_word_compound,,,,,P1{n=2;pos=ACC;form=كَأَنَّ;lemma=1071/كَأَنّ;root=-/-} P2{n=3;pos=PREV;form=مَآ;lemma=4/مَا;root=-/-}
5:33:1,14919,إِنَّمَا,انما,98074,5:33:1:2,2,STEM,PREV,maA,مَا,maA,4,مَا,,,,12,إِنَّ,98073,1,ACC,إِنَّ,11,إِنّ,,,5,مَا,exact_arabic_text_match,false,true,needs_review_text_match,function_word_compound,,,,,P1{n=1;pos=ACC;form=إِنَّ;lemma=11/إِنّ;root=-/-} P2{n=2;pos=PREV;form=مَا;lemma=4/مَا;root=-/-}
5:48:21,15318,عَمَّا,عما,98823,5:48:21:2,2,STEM,REL,m~aA,مَّا,maA,4,مَا,,,,446,مَّا,98822,1,P,عَ,194,عَن,,,446,مَّا,exact_arabic_text_match,true,true,circular_match,contextual_idgham;same_as_head_stem;function_word_compound,,,,,P1{n=1;pos=P;form=عَ;lemma=194/عَن;root=-/-} P2{n=2;pos=REL;form=مَّا;lemma=4/مَا;root=-/-}
5:49:22,15371,أَنَّمَا,انما,98913,5:49:22:2,2,STEM,PREV,maA,مَا,maA,4,مَا,,,,251,أَنَّ,98912,1,ACC,أَنَّ,250,أَنّ,,,5,مَا,exact_arabic_text_match,false,true,needs_review_text_match,function_word_compound,,,,,P1{n=1;pos=ACC;form=أَنَّ;lemma=250/أَنّ;root=-/-} P2{n=2;pos=PREV;form=مَا;lemma=4/مَا;root=-/-}
5:55:1,15501,إِنَّمَا,انما,99174,5:55:1:2,2,STEM,PREV,maA,مَا,maA,4,مَا,,,,12,إِنَّ,99173,1,ACC,إِنَّ,11,إِنّ,,,5,مَا,exact_arabic_text_match,false,true,needs_review_text_match,function_word_compound,,,,,P1{n=1;pos=ACC;form=إِنَّ;lemma=11/إِنّ;root=-/-} P2{n=2;pos=PREV;form=مَا;lemma=4/مَا;root=-/-}
5:71:2,15842,أَلَّا,الا,99932,5:71:2:2,2,STEM,NEG,l~aA,لَّا,laA,77,لَا,,,,1184,أَ,99931,1,SUB,أَ,462,أَن,,,476,لَّا,exact_arabic_text_match,false,true,needs_review_contextual_idgham,contextual_idgham;function_word_compound,,,,,P1{n=1;pos=SUB;form=أَ;lemma=462/أَن;root=-/-} P2{n=2;pos=NEG;form=لَّا;lemma=77/لَا;root=-/-}
5:73:18,15912,عَمَّا,عما,100011,5:73:18:2,2,STEM,REL,m~aA,مَّا,maA,4,مَا,,,,446,مَّا,100010,1,P,عَ,194,عَن,,,446,مَّا,exact_arabic_text_match,true,true,circular_match,contextual_idgham;same_as_head_stem;function_word_compound,,,,,P1{n=1;pos=P;form=عَ;lemma=194/عَن;root=-/-} P2{n=2;pos=REL;form=مَّا;lemma=4/مَا;root=-/-}
5:83:12,16100,مِمَّا,مما,100328,5:83:12:2,2,STEM,REL,m~aA,مَّا,maA,4,مَا,,,,816,مِ,100327,1,P,مِ,130,مِن,,,446,مَّا,exact_arabic_text_match,false,true,needs_review_contextual_idgham,contextual_idgham;function_word_compound,,,,,P1{n=1;pos=P;form=مِ;lemma=130/مِن;root=-/-} P2{n=2;pos=REL;form=مَّا;lemma=4/مَا;root=-/-}
5:88:2,16170,مِمَّا,مما,100453,5:88:2:2,2,STEM,REL,m~aA,مَّا,maA,4,مَا,,,,816,مِ,100452,1,P,مِ,130,مِن,,,446,مَّا,exact_arabic_text_match,false,true,needs_review_contextual_idgham,contextual_idgham;function_word_compound,,,,,P1{n=1;pos=P;form=مِ;lemma=130/مِن;root=-/-} P2{n=2;pos=REL;form=مَّا;lemma=4/مَا;root=-/-}
5:90:4,16231,إِنَّمَا,انما,100597,5:90:4:2,2,STEM,PREV,maA,مَا,maA,4,مَا,,,,12,إِنَّ,100596,1,ACC,إِنَّ,11,إِنّ,,,5,مَا,exact_arabic_text_match,false,true,needs_review_text_match,function_word_compound,,,,,P1{n=1;pos=ACC;form=إِنَّ;lemma=11/إِنّ;root=-/-} P2{n=2;pos=PREV;form=مَا;lemma=4/مَا;root=-/-}
5:91:1,16244,إِنَّمَا,انما,100611,5:91:1:2,2,STEM,PREV,maA,مَا,maA,4,مَا,,,,12,إِنَّ,100610,1,ACC,إِنَّ,11,إِنّ,,,5,مَا,exact_arabic_text_match,false,true,needs_review_text_match,function_word_compound,,,,,P1{n=1;pos=ACC;form=إِنَّ;lemma=11/إِنّ;root=-/-} P2{n=2;pos=PREV;form=مَا;lemma=4/مَا;root=-/-}
5:92:9,16273,أَنَّمَا,انما,100671,5:92:9:2,2,STEM,PREV,maA,مَا,maA,4,مَا,,,,251,أَنَّ,100670,1,ACC,أَنَّ,250,أَنّ,,,5,مَا,exact_arabic_text_match,false,true,needs_review_text_match,function_word_compound,,,,,P1{n=1;pos=ACC;form=أَنَّ;lemma=250/أَنّ;root=-/-} P2{n=2;pos=PREV;form=مَا;lemma=4/مَا;root=-/-}
5:93:8,16286,فِيمَا,فيما,100713,5:93:8:2,2,STEM,REL,maA,مَا,maA,4,مَا,,,,653,فِي,100712,1,P,فِي,6,فِى,,,5,مَا,exact_arabic_text_match,false,true,needs_review_text_match,function_word_compound,,,,,P1{n=1;pos=P;form=فِي;lemma=6/فِى;root=-/-} P2{n=2;pos=REL;form=مَا;lemma=4/مَا;root=-/-}
5:95:40,16367,عَمَّا,عما,100803,5:95:40:2,2,STEM,REL,m~aA,مَّا,maA,4,مَا,,,,446,مَّا,100802,1,P,عَ,194,عَن,,,446,مَّا,exact_arabic_text_match,true,true,circular_match,contextual_idgham;same_as_head_stem;function_word_compound,,,,,P1{n=1;pos=P;form=عَ;lemma=194/عَن;root=-/-} P2{n=2;pos=REL;form=مَّا;lemma=4/مَا;root=-/-}
6:19:30,17270,إِنَّمَا,انما,107657,6:19:30:2,2,STEM,PREV,maA,مَا,maA,4,مَا,,,,12,إِنَّ,107656,1,ACC,إِنَّ,11,إِنّ,,,5,مَا,exact_arabic_text_match,false,true,needs_review_text_match,function_word_compound,,,,,P1{n=1;pos=ACC;form=إِنَّ;lemma=11/إِنّ;root=-/-} P2{n=2;pos=PREV;form=مَا;lemma=4/مَا;root=-/-}
6:19:36,17276,مِّمَّا,مما,107666,6:19:36:2,2,STEM,REL,m~aA,مَّا,maA,4,مَا,,,,1305,مِّ,107665,1,P,مِّ,130,مِن,,,446,مَّا,exact_arabic_text_match,false,true,needs_review_contextual_idgham,contextual_idgham;function_word_compound,,,,,P1{n=1;pos=P;form=مِّ;lemma=130/مِن;root=-/-} P2{n=2;pos=REL;form=مَّا;lemma=4/مَا;root=-/-}
6:21:3,17295,مِمَّنِ,ممن,107741,6:21:3:2,2,STEM,REL,m~ani,مَّنِ,man,130,مِن,,,,816,مِ,107740,1,P,مِ,130,مِن,,,5552,مَّنِ,exact_arabic_text_match,false,true,needs_review_contextual_idgham,contextual_idgham;function_word_compound,,,,,P1{n=1;pos=P;form=مِ;lemma=130/مِن;root=-/-} P2{n=2;pos=REL;form=مَّنِ;lemma=130/مِن;root=-/-}
6:36:1,17562,۞ إِنَّمَا,۞ انما,108174,6:36:1:2,2,STEM,PREV,maA,مَا,maA,4,مَا,,,,12,إِنَّ,108173,1,ACC,إِنَّ,11,إِنّ,,,5,مَا,exact_arabic_text_match,false,true,needs_review_text_match,function_word_compound,,,,,P1{n=1;pos=ACC;form=إِنَّ;lemma=11/إِنّ;root=-/-} P2{n=2;pos=PREV;form=مَا;lemma=4/مَا;root=-/-}
6:68:14,18141,وَإِمَّا,واما,109099,6:68:14:3,3,STEM,SUP,m~aA,مَّا,maA,4,مَا,,,,446,مَّا,109098,2,COND,إِ,541,إِن,,,446,مَّا,exact_arabic_text_match,true,true,circular_match,contextual_idgham;same_as_head_stem;function_word_compound,,,,,P1{n=2;pos=COND;form=إِ;lemma=541/إِن;root=-/-} P2{n=3;pos=SUP;form=مَّا;lemma=4/مَا;root=-/-}
6:78:16,18360,مِّمَّا,مما,109494,6:78:16:2,2,STEM,REL,m~aA,مَّا,maA,4,مَا,,,,1305,مِّ,109493,1,P,مِّ,130,مِن,,,446,مَّا,exact_arabic_text_match,false,true,needs_review_contextual_idgham,contextual_idgham;function_word_compound,,,,,P1{n=1;pos=P;form=مِّ;lemma=130/مِن;root=-/-} P2{n=2;pos=REL;form=مَّا;lemma=4/مَا;root=-/-}
6:93:3,18623,مِمَّنِ,ممن,109997,6:93:3:2,2,STEM,REL,m~ani,مَّنِ,man,130,مِن,,,,816,مِ,109996,1,P,مِ,130,مِن,,,5552,مَّنِ,exact_arabic_text_match,false,true,needs_review_contextual_idgham,contextual_idgham;function_word_compound,,,,,P1{n=1;pos=P;form=مِ;lemma=130/مِن;root=-/-} P2{n=2;pos=REL;form=مَّنِ;lemma=130/مِن;root=-/-}
6:100:14,18821,عَمَّا,عما,105268,6:100:14:2,2,STEM,REL,m~aA,مَّا,maA,4,مَا,,,,446,مَّا,105267,1,P,عَ,194,عَن,,,446,مَّا,exact_arabic_text_match,true,true,circular_match,contextual_idgham;same_as_head_stem;function_word_compound,,,,,P1{n=1;pos=P;form=عَ;lemma=194/عَن;root=-/-} P2{n=2;pos=REL;form=مَّا;lemma=4/مَا;root=-/-}
6:109:11,18959,إِنَّمَا,انما,105484,6:109:11:2,2,STEM,PREV,maA,مَا,maA,4,مَا,,,,12,إِنَّ,105483,1,ACC,إِنَّ,11,إِنّ,,,5,مَا,exact_arabic_text_match,false,true,needs_review_text_match,function_word_compound,,,,,P1{n=1;pos=ACC;form=إِنَّ;lemma=11/إِنّ;root=-/-} P2{n=2;pos=PREV;form=مَا;lemma=4/مَا;root=-/-}
6:118:2,19113,مِمَّا,مما,105773,6:118:2:2,2,STEM,REL,m~aA,مَّا,maA,4,مَا,,,,816,مِ,105772,1,P,مِ,130,مِن,,,446,مَّا,exact_arabic_text_match,false,true,needs_review_contextual_idgham,contextual_idgham;function_word_compound,,,,,P1{n=1;pos=P;form=مِ;lemma=130/مِن;root=-/-} P2{n=2;pos=REL;form=مَّا;lemma=4/مَا;root=-/-}
6:119:3,19125,أَلَّا,الا,105822,6:119:3:2,2,STEM,NEG,l~aA,لَّا,laA,77,لَا,,,,1184,أَ,105821,1,SUB,أَ,462,أَن,,,476,لَّا,exact_arabic_text_match,false,true,needs_review_contextual_idgham,contextual_idgham;function_word_compound,,,,,P1{n=1;pos=SUB;form=أَ;lemma=462/أَن;root=-/-} P2{n=2;pos=NEG;form=لَّا;lemma=77/لَا;root=-/-}
6:119:5,19127,مِمَّا,مما,105829,6:119:5:2,2,STEM,REL,m~aA,مَّا,maA,4,مَا,,,,816,مِ,105828,1,P,مِ,130,مِن,,,446,مَّا,exact_arabic_text_match,false,true,needs_review_contextual_idgham,contextual_idgham;function_word_compound,,,,,P1{n=1;pos=P;form=مِ;lemma=130/مِن;root=-/-} P2{n=2;pos=REL;form=مَّا;lemma=4/مَا;root=-/-}
6:121:3,19169,مِمَّا,مما,105903,6:121:3:2,2,STEM,REL,m~aA,مَّا,maA,4,مَا,,,,816,مِ,105902,1,P,مِ,130,مِن,,,446,مَّا,exact_arabic_text_match,false,true,needs_review_contextual_idgham,contextual_idgham;function_word_compound,,,,,P1{n=1;pos=P;form=مِ;lemma=130/مِن;root=-/-} P2{n=2;pos=REL;form=مَّا;lemma=4/مَا;root=-/-}
6:125:17,19275,كَأَنَّمَا,كانما,106036,6:125:17:2,2,STEM,PREV,maA,مَا,maA,4,مَا,,,,1072,كَأَنَّ,106035,1,ACC,كَأَنَّ,1071,كَأَنّ,,,5,مَا,exact_arabic_text_match,false,true,needs_review_text_match,function_word_compound,,,,,P1{n=1;pos=ACC;form=كَأَنَّ;lemma=1071/كَأَنّ;root=-/-} P2{n=2;pos=PREV;form=مَا;lemma=4/مَا;root=-/-}
6:132:3,19395,مِّمَّا,مما,106282,6:132:3:2,2,STEM,REL,m~aA,مَّا,maA,4,مَا,,,,1305,مِّ,106281,1,P,مِّ,130,مِن,,,446,مَّا,exact_arabic_text_match,false,true,needs_review_contextual_idgham,contextual_idgham;function_word_compound,,,,,P1{n=1;pos=P;form=مِّ;lemma=130/مِن;root=-/-} P2{n=2;pos=REL;form=مَّا;lemma=4/مَا;root=-/-}
6:132:8,19400,عَمَّا,عما,106292,6:132:8:2,2,STEM,REL,m~aA,مَّا,maA,4,مَا,,,,446,مَّا,106291,1,P,عَ,194,عَن,,,446,مَّا,exact_arabic_text_match,true,true,circular_match,contextual_idgham;same_as_head_stem;function_word_compound,,,,,P1{n=1;pos=P;form=عَ;lemma=194/عَن;root=-/-} P2{n=2;pos=REL;form=مَّا;lemma=4/مَا;root=-/-}
6:136:3,19451,مِمَّا,مما,106402,6:136:3:2,2,STEM,REL,m~aA,مَّا,maA,4,مَا,,,,816,مِ,106401,1,P,مِ,130,مِن,,,446,مَّا,exact_arabic_text_match,false,true,needs_review_contextual_idgham,contextual_idgham;function_word_compound,,,,,P1{n=1;pos=P;form=مِ;lemma=130/مِن;root=-/-} P2{n=2;pos=REL;form=مَّا;lemma=4/مَا;root=-/-}
6:142:6,19610,مِمَّا,مما,106657,6:142:6:2,2,STEM,REL,m~aA,مَّا,maA,4,مَا,,,,816,مِ,106656,1,P,مِ,130,مِن,,,446,مَّا,exact_arabic_text_match,false,true,needs_review_contextual_idgham,contextual_idgham;function_word_compound,,,,,P1{n=1;pos=P;form=مِ;lemma=130/مِن;root=-/-} P2{n=2;pos=REL;form=مَّا;lemma=4/مَا;root=-/-}
6:143:14,19635,أَمَّا,اما,106672,6:143:14:2,2,STEM,REL,m~aA,مَّا,maA,4,مَا,,,,1184,أَ,106671,1,CONJ,أَ,1253,أَم,,,446,مَّا,exact_arabic_text_match,false,true,needs_review_contextual_idgham,contextual_idgham;function_word_compound,,,,,P1{n=1;pos=CONJ;form=أَ;lemma=1253/أَم;root=-/-} P2{n=2;pos=REL;form=مَّا;lemma=4/مَا;root=-/-}
6:144:12,19657,أَمَّا,اما,106705,6:144:12:2,2,STEM,REL,m~aA,مَّا,maA,4,مَا,,,,1184,أَ,106704,1,CONJ,أَ,1253,أَم,,,446,مَّا,exact_arabic_text_match,false,true,needs_review_contextual_idgham,contextual_idgham;function_word_compound,,,,,P1{n=1;pos=CONJ;form=أَ;lemma=1253/أَم;root=-/-} P2{n=2;pos=REL;form=مَّا;lemma=4/مَا;root=-/-}
6:144:26,19671,مِمَّنِ,ممن,106728,6:144:26:2,2,STEM,REL,m~ani,مَّنِ,man,130,مِن,,,,816,مِ,106727,1,P,مِ,130,مِن,,,5552,مَّنِ,exact_arabic_text_match,false,true,needs_review_contextual_idgham,contextual_idgham;function_word_compound,,,,,P1{n=1;pos=P;form=مِ;lemma=130/مِن;root=-/-} P2{n=2;pos=REL;form=مَّنِ;lemma=130/مِن;root=-/-}
6:151:8,19852,أَلَّا,الا,107098,6:151:8:2,2,STEM,PRO,l~aA,لَّا,laA,77,لَا,,,,1184,أَ,107097,1,INT,أَ,462,أَن,,,476,لَّا,exact_arabic_text_match,false,true,needs_review_contextual_idgham,contextual_idgham;function_word_compound,,,,,P1{n=1;pos=INT;form=أَ;lemma=462/أَن;root=-/-} P2{n=2;pos=PRO;form=لَّا;lemma=77/لَا;root=-/-}
6:156:3,19971,إِنَّمَآ,انما,107251,6:156:3:2,2,STEM,PREV,maA^,مَآ,maA,4,مَا,,,,12,إِنَّ,107250,1,ACC,إِنَّ,11,إِنّ,,,90,مَآ,exact_arabic_text_match,false,true,needs_review_text_match,function_word_compound,,,,,P1{n=1;pos=ACC;form=إِنَّ;lemma=11/إِنّ;root=-/-} P2{n=2;pos=PREV;form=مَآ;lemma=4/مَا;root=-/-}
6:157:20,20003,مِمَّن,ممن,107281,6:157:20:2,2,STEM,REL,m~an,مَّن,man,130,مِن,,,,816,مِ,107280,1,P,مِ,130,مِن,,,1220,مَّن,exact_arabic_text_match,false,true,needs_review_contextual_idgham,contextual_idgham;function_word_compound,,,,,P1{n=1;pos=P;form=مِ;lemma=130/مِن;root=-/-} P2{n=2;pos=REL;form=مَّن;lemma=130/مِن;root=-/-}
6:159:11,20068,إِنَّمَآ,انما,107369,6:159:11:2,2,STEM,PREV,maA^,مَآ,maA,4,مَا,,,,12,إِنَّ,107368,1,ACC,إِنَّ,11,إِنّ,,,90,مَآ,exact_arabic_text_match,false,true,needs_review_text_match,function_word_compound,,,,,P1{n=1;pos=ACC;form=إِنَّ;lemma=11/إِنّ;root=-/-} P2{n=2;pos=PREV;form=مَآ;lemma=4/مَا;root=-/-}
7:12:4,20306,أَلَّا,الا,114283,7:12:4:2,2,STEM,NEG,l~aA,لَّا,laA,77,لَا,,,,1184,أَ,114282,1,SUB,أَ,462,أَن,,,476,لَّا,exact_arabic_text_match,false,true,needs_review_contextual_idgham,contextual_idgham;function_word_compound,,,,,P1{n=1;pos=SUB;form=أَ;lemma=462/أَن;root=-/-} P2{n=2;pos=NEG;form=لَّا;lemma=77/لَا;root=-/-}
7:33:2,20647,إِنَّمَا,انما,117310,7:33:2:2,2,STEM,PREV,maA,مَا,maA,4,مَا,,,,12,إِنَّ,117309,1,ACC,إِنَّ,11,إِنّ,,,5,مَا,exact_arabic_text_match,false,true,needs_review_text_match,function_word_compound,,,,,P1{n=1;pos=ACC;form=إِنَّ;lemma=11/إِنّ;root=-/-} P2{n=2;pos=PREV;form=مَا;lemma=4/مَا;root=-/-}
7:35:3,20690,إِمَّا,اما,117373,7:35:3:2,2,STEM,SUP,m~aA,مَّا,maA,4,مَا,,,,446,مَّا,117372,1,COND,إِ,541,إِن,,,446,مَّا,exact_arabic_text_match,true,true,circular_match,contextual_idgham;same_as_head_stem;function_word_compound,,,,,P1{n=1;pos=COND;form=إِ;lemma=541/إِن;root=-/-} P2{n=2;pos=SUP;form=مَّا;lemma=4/مَا;root=-/-}
7:37:3,20721,مِمَّنِ,ممن,117443,7:37:3:2,2,STEM,REL,m~ani,مَّنِ,man,130,مِن,,,,816,مِ,117442,1,P,مِ,130,مِن,,,5552,مَّنِ,exact_arabic_text_match,false,true,needs_review_contextual_idgham,contextual_idgham;function_word_compound,,,,,P1{n=1;pos=P;form=مِ;lemma=130/مِن;root=-/-} P2{n=2;pos=REL;form=مَّنِ;lemma=130/مِن;root=-/-}
7:50:12,21016,مِمَّا,مما,117899,7:50:12:2,2,STEM,REL,m~aA,مَّا,maA,4,مَا,,,,816,مِ,117898,1,P,مِ,130,مِن,,,446,مَّا,exact_arabic_text_match,false,true,needs_review_contextual_idgham,contextual_idgham;function_word_compound,,,,,P1{n=1;pos=P;form=مِ;lemma=130/مِن;root=-/-} P2{n=2;pos=REL;form=مَّا;lemma=4/مَا;root=-/-}
7:131:15,22264,إِنَّمَا,انما,114322,7:131:15:2,2,STEM,PREV,maA,مَا,maA,4,مَا,,,,12,إِنَّ,114321,1,ACC,إِنَّ,11,إِنّ,,,5,مَا,exact_arabic_text_match,false,true,needs_review_text_match,function_word_compound,,,,,P1{n=1;pos=ACC;form=إِنَّ;lemma=11/إِنّ;root=-/-} P2{n=2;pos=PREV;form=مَا;lemma=4/مَا;root=-/-}
7:150:9,22644,بِئْسَمَا,بئسما,115059,7:150:9:2,2,STEM,REL,maA,مَا,maA,4,مَا,,,,2935,بِئْسَ,115058,1,V,بِئْسَ,2934,بِئْسَ,2343,ب   ا   س,5,مَا,exact_arabic_text_match,false,true,needs_review_text_match,function_word_compound,,,,,P1{n=1;pos=V;form=بِئْسَ;lemma=2934/بِئْسَ;root=2343/ب   ا   س} P2{n=2;pos=REL;form=مَا;lemma=4/مَا;root=-/-}
7:173:3,23191,إِنَّمَآ,انما,115970,7:173:3:2,2,STEM,PREV,maA^,مَآ,maA,4,مَا,,,,12,إِنَّ,115969,1,ACC,إِنَّ,11,إِنّ,,,90,مَآ,exact_arabic_text_match,false,true,needs_review_text_match,function_word_compound,,,,,P1{n=1;pos=ACC;form=إِنَّ;lemma=11/إِنّ;root=-/-} P2{n=2;pos=PREV;form=مَآ;lemma=4/مَا;root=-/-}
7:181:1,23323,وَمِمَّنْ,وممن,116212,7:181:1:3,3,STEM,REL,m~ano,مَّنْ,man,130,مِن,,,,816,مِ,116211,2,P,مِ,130,مِن,,,3854,مَّنْ,exact_arabic_text_match,false,true,needs_review_contextual_idgham,contextual_idgham;function_word_compound,,,,,P1{n=2;pos=P;form=مِ;lemma=130/مِن;root=-/-} P2{n=3;pos=REL;form=مَّنْ;lemma=130/مِن;root=-/-}
7:187:7,23398,إِنَّمَا,انما,116372,7:187:7:2,2,STEM,PREV,maA,مَا,maA,4,مَا,,,,12,إِنَّ,116371,1,ACC,إِنَّ,11,إِنّ,,,5,مَا,exact_arabic_text_match,false,true,needs_review_text_match,function_word_compound,,,,,P1{n=1;pos=ACC;form=إِنَّ;lemma=11/إِنّ;root=-/-} P2{n=2;pos=PREV;form=مَا;lemma=4/مَا;root=-/-}
7:187:29,23420,إِنَّمَا,انما,116352,7:187:29:2,2,STEM,PREV,maA,مَا,maA,4,مَا,,,,12,إِنَّ,116351,1,ACC,إِنَّ,11,إِنّ,,,5,مَا,exact_arabic_text_match,false,true,needs_review_text_match,function_word_compound,,,,,P1{n=1;pos=ACC;form=إِنَّ;lemma=11/إِنّ;root=-/-} P2{n=2;pos=PREV;form=مَا;lemma=4/مَا;root=-/-}
7:190:7,23495,فِيمَآ,فيما,116501,7:190:7:2,2,STEM,REL,maA^,مَآ,maA,4,مَا,,,,653,فِي,116500,1,P,فِي,6,فِى,,,90,مَآ,exact_arabic_text_match,false,true,needs_review_text_match,function_word_compound,,,,,P1{n=1;pos=P;form=فِي;lemma=6/فِى;root=-/-} P2{n=2;pos=REL;form=مَآ;lemma=4/مَا;root=-/-}
7:190:11,23499,عَمَّا,عما,116490,7:190:11:2,2,STEM,REL,m~aA,مَّا,maA,4,مَا,,,,446,مَّا,116489,1,P,عَ,194,عَن,,,446,مَّا,exact_arabic_text_match,true,true,circular_match,contextual_idgham;same_as_head_stem;function_word_compound,,,,,P1{n=1;pos=P;form=عَ;lemma=194/عَن;root=-/-} P2{n=2;pos=REL;form=مَّا;lemma=4/مَا;root=-/-}
7:200:1,23615,وَإِمَّا,واما,116722,7:200:1:3,3,STEM,SUP,m~aA,مَّا,maA,4,مَا,,,,446,مَّا,116721,2,COND,إِ,541,إِن,,,446,مَّا,exact_arabic_text_match,true,true,circular_match,contextual_idgham;same_as_head_stem;function_word_compound,,,,,P1{n=2;pos=COND;form=إِ;lemma=541/إِن;root=-/-} P2{n=3;pos=SUP;form=مَّا;lemma=4/مَا;root=-/-}
7:203:9,23655,إِنَّمَآ,انما,116804,7:203:9:2,2,STEM,PREV,maA^,مَآ,maA,4,مَا,,,,12,إِنَّ,116803,1,ACC,إِنَّ,11,إِنّ,,,90,مَآ,exact_arabic_text_match,false,true,needs_review_text_match,function_word_compound,,,,,P1{n=1;pos=ACC;form=إِنَّ;lemma=11/إِنّ;root=-/-} P2{n=2;pos=PREV;form=مَآ;lemma=4/مَا;root=-/-}
8:2:1,23728,إِنَّمَا,انما,121632,8:2:1:2,2,STEM,PREV,maA,مَا,maA,4,مَا,,,,12,إِنَّ,121631,1,ACC,إِنَّ,11,إِنّ,,,5,مَا,exact_arabic_text_match,false,true,needs_review_text_match,function_word_compound,,,,,P1{n=1;pos=ACC;form=إِنَّ;lemma=11/إِنّ;root=-/-} P2{n=2;pos=PREV;form=مَا;lemma=4/مَا;root=-/-}
8:3:4,23749,وَمِمَّا,ومما,121947,8:3:4:3,3,STEM,REL,m~aA,مَّا,maA,4,مَا,,,,816,مِ,121946,2,P,مِ,130,مِن,,,446,مَّا,exact_arabic_text_match,false,true,needs_review_contextual_idgham,contextual_idgham;function_word_compound,,,,,P1{n=2;pos=P;form=مِ;lemma=130/مِن;root=-/-} P2{n=3;pos=REL;form=مَّا;lemma=4/مَا;root=-/-}
8:6:7,23783,كَأَنَّمَا,كانما,122849,8:6:7:2,2,STEM,PREV,maA,مَا,maA,4,مَا,,,,1072,كَأَنَّ,122848,1,ACC,كَأَنَّ,1071,كَأَنّ,,,5,مَا,exact_arabic_text_match,false,true,needs_review_text_match,function_word_compound,,,,,P1{n=1;pos=ACC;form=كَأَنَّ;lemma=1071/كَأَنّ;root=-/-} P2{n=2;pos=PREV;form=مَا;lemma=4/مَا;root=-/-}
8:28:2,24120,أَنَّمَآ,انما,121588,8:28:2:2,2,STEM,PREV,maA^,مَآ,maA,4,مَا,,,,251,أَنَّ,121587,1,ACC,أَنَّ,250,أَنّ,,,90,مَآ,exact_arabic_text_match,false,true,needs_review_text_match,function_word_compound,,,,,P1{n=1;pos=ACC;form=أَنَّ;lemma=250/أَنّ;root=-/-} P2{n=2;pos=PREV;form=مَآ;lemma=4/مَا;root=-/-}
8:34:3,24219,أَلَّا,الا,121790,8:34:3:2,2,STEM,NEG,l~aA,لَّا,laA,77,لَا,,,,1184,أَ,121789,1,SUB,أَ,462,أَن,,,476,لَّا,exact_arabic_text_match,false,true,needs_review_contextual_idgham,contextual_idgham;function_word_compound,,,,,P1{n=1;pos=SUB;form=أَ;lemma=462/أَن;root=-/-} P2{n=2;pos=NEG;form=لَّا;lemma=77/لَا;root=-/-}
8:41:2,24340,أَنَّمَا,انما,121997,8:41:2:2,2,STEM,REL,maA,مَا,maA,4,مَا,,,,251,أَنَّ,121996,1,ACC,أَنَّ,250,أَنّ,,,5,مَا,exact_arabic_text_match,false,true,needs_review_text_match,function_word_compound,,,,,P1{n=1;pos=ACC;form=أَنَّ;lemma=250/أَنّ;root=-/-} P2{n=2;pos=REL;form=مَا;lemma=4/مَا;root=-/-}
8:57:1,24654,فَإِمَّا,فاما,122482,8:57:1:3,3,STEM,SUP,m~aA,مَّا,maA,4,مَا,,,,446,مَّا,122481,2,COND,إِ,541,إِن,,,446,مَّا,exact_arabic_text_match,true,true,circular_match,contextual_idgham;same_as_head_stem;function_word_compound,,,,,P1{n=2;pos=COND;form=إِ;lemma=541/إِن;root=-/-} P2{n=3;pos=SUP;form=مَّا;lemma=4/مَا;root=-/-}
8:58:1,24665,وَإِمَّا,واما,122502,8:58:1:3,3,STEM,SUP,m~aA,مَّا,maA,4,مَا,,,,446,مَّا,122501,2,COND,إِ,541,إِن,,,446,مَّا,exact_arabic_text_match,true,true,circular_match,contextual_idgham;same_as_head_stem;function_word_compound,,,,,P1{n=2;pos=COND;form=إِ;lemma=541/إِن;root=-/-} P2{n=3;pos=SUP;form=مَّا;lemma=4/مَا;root=-/-}
8:68:7,24860,فِيمَآ,فيما,122812,8:68:7:2,2,STEM,REL,maA^,مَآ,maA,4,مَا,,,,653,فِي,122811,1,P,فِي,6,فِى,,,90,مَآ,exact_arabic_text_match,false,true,needs_review_text_match,function_word_compound,,,,,P1{n=1;pos=P;form=فِي;lemma=6/فِى;root=-/-} P2{n=2;pos=REL;form=مَآ;lemma=4/مَا;root=-/-}
8:69:2,24866,مِمَّا,مما,122822,8:69:2:2,2,STEM,REL,m~aA,مَّا,maA,4,مَا,,,,816,مِ,122821,1,P,مِ,130,مِن,,,446,مَّا,exact_arabic_text_match,false,true,needs_review_contextual_idgham,contextual_idgham;function_word_compound,,,,,P1{n=1;pos=P;form=مِ;lemma=130/مِن;root=-/-} P2{n=2;pos=REL;form=مَّا;lemma=4/مَا;root=-/-}
8:70:17,24893,مِّمَّآ,مما,122865,8:70:17:2,2,STEM,REL,m~aA^,مَّآ,maA,4,مَا,,,,1305,مِّ,122864,1,P,مِّ,130,مِن,,,1154,مَّآ,exact_arabic_text_match,false,true,needs_review_contextual_idgham,contextual_idgham;function_word_compound,,,,,P1{n=1;pos=P;form=مِّ;lemma=130/مِن;root=-/-} P2{n=2;pos=REL;form=مَّآ;lemma=4/مَا;root=-/-}
8:73:6,24967,إِلَّا,الا,123004,8:73:6:2,2,STEM,NEG,l~aA,لَّا,laA,77,لَا,,,,476,لَّا,123003,1,COND,إِ,541,إِن,,,476,لَّا,exact_arabic_text_match,true,true,circular_match,contextual_idgham;same_as_head_stem;function_word_compound,,,,,P1{n=1;pos=COND;form=إِ;lemma=541/إِن;root=-/-} P2{n=2;pos=NEG;form=لَّا;lemma=77/لَا;root=-/-}
9:18:1,25333,إِنَّمَا,انما,125240,9:18:1:2,2,STEM,PREV,maA,مَا,maA,4,مَا,,,,12,إِنَّ,125239,1,ACC,إِنَّ,11,إِنّ,,,5,مَا,exact_arabic_text_match,false,true,needs_review_text_match,function_word_compound,,,,,P1{n=1;pos=ACC;form=إِنَّ;lemma=11/إِنّ;root=-/-} P2{n=2;pos=PREV;form=مَا;lemma=4/مَا;root=-/-}
9:28:4,25532,إِنَّمَا,انما,125587,9:28:4:2,2,STEM,PREV,maA,مَا,maA,4,مَا,,,,12,إِنَّ,125586,1,ACC,إِنَّ,11,إِنّ,,,5,مَا,exact_arabic_text_match,false,true,needs_review_text_match,function_word_compound,,,,,P1{n=1;pos=ACC;form=إِنَّ;lemma=11/إِنّ;root=-/-} P2{n=2;pos=PREV;form=مَا;lemma=4/مَا;root=-/-}
9:31:22,25632,عَمَّا,عما,125724,9:31:22:2,2,STEM,REL,m~aA,مَّا,maA,4,مَا,,,,446,مَّا,125723,1,P,عَ,194,عَن,,,446,مَّا,exact_arabic_text_match,true,true,circular_match,contextual_idgham;same_as_head_stem;function_word_compound,,,,,P1{n=1;pos=P;form=عَ;lemma=194/عَن;root=-/-} P2{n=2;pos=REL;form=مَّا;lemma=4/مَا;root=-/-}
9:37:1,25752,إِنَّمَا,انما,125928,9:37:1:2,2,STEM,PREV,maA,مَا,maA,4,مَا,,,,12,إِنَّ,125927,1,ACC,إِنَّ,11,إِنّ,,,5,مَا,exact_arabic_text_match,false,true,needs_review_text_match,function_word_compound,,,,,P1{n=1;pos=ACC;form=إِنَّ;lemma=11/إِنّ;root=-/-} P2{n=2;pos=PREV;form=مَا;lemma=4/مَا;root=-/-}
9:45:1,25943,إِنَّمَا,انما,126285,9:45:1:2,2,STEM,PREV,maA,مَا,maA,4,مَا,,,,12,إِنَّ,126284,1,ACC,إِنَّ,11,إِنّ,,,5,مَا,exact_arabic_text_match,false,true,needs_review_text_match,function_word_compound,,,,,P1{n=1;pos=ACC;form=إِنَّ;lemma=11/إِنّ;root=-/-} P2{n=2;pos=PREV;form=مَا;lemma=4/مَا;root=-/-}
9:55:6,26121,إِنَّمَا,انما,126622,9:55:6:2,2,STEM,PREV,maA,مَا,maA,4,مَا,,,,12,إِنَّ,126621,1,ACC,إِنَّ,11,إِنّ,,,5,مَا,exact_arabic_text_match,false,true,needs_review_text_match,function_word_compound,,,,,P1{n=1;pos=ACC;form=إِنَّ;lemma=11/إِنّ;root=-/-} P2{n=2;pos=PREV;form=مَا;lemma=4/مَا;root=-/-}
9:60:1,26194,۞ إِنَّمَا,۞ انما,126783,9:60:1:2,2,STEM,PREV,maA,مَا,maA,4,مَا,,,,12,إِنَّ,126782,1,ACC,إِنَّ,11,إِنّ,,,5,مَا,exact_arabic_text_match,false,true,needs_review_text_match,function_word_compound,,,,,P1{n=1;pos=ACC;form=إِنَّ;lemma=11/إِنّ;root=-/-} P2{n=2;pos=PREV;form=مَا;lemma=4/مَا;root=-/-}
9:65:4,26295,إِنَّمَا,انما,126962,9:65:4:2,2,STEM,PREV,maA,مَا,maA,4,مَا,,,,12,إِنَّ,126961,1,ACC,إِنَّ,11,إِنّ,,,5,مَا,exact_arabic_text_match,false,true,needs_review_text_match,function_word_compound,,,,,P1{n=1;pos=ACC;form=إِنَّ;lemma=11/إِنّ;root=-/-} P2{n=2;pos=PREV;form=مَا;lemma=4/مَا;root=-/-}
9:85:5,26713,إِنَّمَا,انما,127728,9:85:5:2,2,STEM,PREV,maA,مَا,maA,4,مَا,,,,12,إِنَّ,127727,1,ACC,إِنَّ,11,إِنّ,,,5,مَا,exact_arabic_text_match,false,true,needs_review_text_match,function_word_compound,,,,,P1{n=1;pos=ACC;form=إِنَّ;lemma=11/إِنّ;root=-/-} P2{n=2;pos=PREV;form=مَا;lemma=4/مَا;root=-/-}
9:92:20,26850,أَلَّا,الا,127948,9:92:20:2,2,STEM,NEG,l~aA,لَّا,laA,77,لَا,,,,1184,أَ,127947,1,SUB,أَ,462,أَن,,,476,لَّا,exact_arabic_text_match,false,true,needs_review_contextual_idgham,contextual_idgham;function_word_compound,,,,,P1{n=1;pos=SUB;form=أَ;lemma=462/أَن;root=-/-} P2{n=2;pos=NEG;form=لَّا;lemma=77/لَا;root=-/-}
9:93:1,26855,۞ إِنَّمَا,۞ انما,127967,9:93:1:2,2,STEM,PREV,maA,مَا,maA,4,مَا,,,,12,إِنَّ,127966,1,ACC,إِنَّ,11,إِنّ,,,5,مَا,exact_arabic_text_match,false,true,needs_review_text_match,function_word_compound,,,,,P1{n=1;pos=ACC;form=إِنَّ;lemma=11/إِنّ;root=-/-} P2{n=2;pos=PREV;form=مَا;lemma=4/مَا;root=-/-}
9:97:6,26945,أَلَّا,الا,128129,9:97:6:2,2,STEM,NEG,l~aA,لَّا,laA,77,لَا,,,,1184,أَ,128128,1,SUB,أَ,462,أَن,,,476,لَّا,exact_arabic_text_match,false,true,needs_review_contextual_idgham,contextual_idgham;function_word_compound,,,,,P1{n=1;pos=SUB;form=أَ;lemma=462/أَن;root=-/-} P2{n=2;pos=NEG;form=لَّا;lemma=77/لَا;root=-/-}
9:101:1,27028,وَمِمَّنْ,وممن,124098,9:101:1:3,3,STEM,REL,m~ano,مَّنْ,man,130,مِن,,,,816,مِ,124097,2,P,مِ,130,مِن,,,3854,مَّنْ,exact_arabic_text_match,false,true,needs_review_contextual_idgham,contextual_idgham;function_word_compound,,,,,P1{n=2;pos=P;form=مِ;lemma=130/مِن;root=-/-} P2{n=3;pos=REL;form=مَّنْ;lemma=130/مِن;root=-/-}
10:17:3,27967,مِمَّنِ,ممن,928,10:17:3:2,2,STEM,REL,m~ani,مَّنِ,man,130,مِن,,,,816,مِ,927,1,P,مِ,130,مِن,,,5552,مَّنِ,exact_arabic_text_match,false,true,needs_review_contextual_idgham,contextual_idgham;function_word_compound,,,,,P1{n=1;pos=P;form=مِ;lemma=130/مِن;root=-/-} P2{n=2;pos=REL;form=مَّنِ;lemma=130/مِن;root=-/-}
10:18:28,28007,عَمَّا,عما,969,10:18:28:2,2,STEM,REL,m~aA,مَّا,maA,4,مَا,,,,446,مَّا,968,1,P,عَ,194,عَن,,,446,مَّا,exact_arabic_text_match,true,true,circular_match,contextual_idgham;same_as_head_stem;function_word_compound,,,,,P1{n=1;pos=P;form=عَ;lemma=194/عَن;root=-/-} P2{n=2;pos=REL;form=مَّا;lemma=4/مَا;root=-/-}
10:19:15,28024,فِيمَا,فيما,993,10:19:15:2,2,STEM,REL,maA,مَا,maA,4,مَا,,,,653,فِي,992,1,P,فِي,6,فِى,,,5,مَا,exact_arabic_text_match,false,true,needs_review_text_match,function_word_compound,,,,,P1{n=1;pos=P;form=فِي;lemma=6/فِى;root=-/-} P2{n=2;pos=REL;form=مَا;lemma=4/مَا;root=-/-}
10:20:9,28036,إِنَّمَا,انما,1045,10:20:9:2,2,STEM,PREV,maA,مَا,maA,4,مَا,,,,12,إِنَّ,1044,1,ACC,إِنَّ,11,إِنّ,,,5,مَا,exact_arabic_text_match,false,true,needs_review_text_match,function_word_compound,,,,,P1{n=1;pos=ACC;form=إِنَّ;lemma=11/إِنّ;root=-/-} P2{n=2;pos=PREV;form=مَا;lemma=4/مَا;root=-/-}
10:23:12,28121,إِنَّمَا,انما,1155,10:23:12:2,2,STEM,PREV,maA,مَا,maA,4,مَا,,,,12,إِنَّ,1154,1,ACC,إِنَّ,11,إِنّ,,,5,مَا,exact_arabic_text_match,false,true,needs_review_text_match,function_word_compound,,,,,P1{n=1;pos=ACC;form=إِنَّ;lemma=11/إِنّ;root=-/-} P2{n=2;pos=PREV;form=مَا;lemma=4/مَا;root=-/-}
10:24:1,28136,إِنَّمَا,انما,1194,10:24:1:2,2,STEM,PREV,maA,مَا,maA,4,مَا,,,,12,إِنَّ,1193,1,ACC,إِنَّ,11,إِنّ,,,5,مَا,exact_arabic_text_match,false,true,needs_review_text_match,function_word_compound,,,,,P1{n=1;pos=ACC;form=إِنَّ;lemma=11/إِنّ;root=-/-} P2{n=2;pos=PREV;form=مَا;lemma=4/مَا;root=-/-}
10:24:13,28148,مِمَّا,مما,1201,10:24:13:2,2,STEM,REL,m~aA,مَّا,maA,4,مَا,,,,816,مِ,1200,1,P,مِ,130,مِن,,,446,مَّا,exact_arabic_text_match,false,true,needs_review_contextual_idgham,contextual_idgham;function_word_compound,,,,,P1{n=1;pos=P;form=مِ;lemma=130/مِن;root=-/-} P2{n=2;pos=REL;form=مَّا;lemma=4/مَا;root=-/-}
10:27:15,28223,كَأَنَّمَآ,كانما,1317,10:27:15:2,2,STEM,PREV,maA^,مَآ,maA,4,مَا,,,,1072,كَأَنَّ,1316,1,ACC,كَأَنَّ,1071,كَأَنّ,,,90,مَآ,exact_arabic_text_match,false,true,needs_review_text_match,function_word_compound,,,,,P1{n=1;pos=ACC;form=كَأَنَّ;lemma=1071/كَأَنّ;root=-/-} P2{n=2;pos=PREV;form=مَآ;lemma=4/مَا;root=-/-}
10:31:7,28290,أَمَّن,امن,1506,10:31:7:2,2,STEM,INTG,m~an,مَّن,man,130,مِن,,,,1184,أَ,1505,1,CONJ,أَ,1253,أَم,,,1220,مَّن,exact_arabic_text_match,false,true,needs_review_contextual_idgham,contextual_idgham;function_word_compound,,,,,P1{n=1;pos=CONJ;form=أَ;lemma=1253/أَم;root=-/-} P2{n=2;pos=INTG;form=مَّن;lemma=130/مِن;root=-/-}
10:35:20,28372,أَمَّن,امن,1586,10:35:20:2,2,STEM,REL,m~an,مَّن,man,130,مِن,,,,1184,أَ,1585,1,CONJ,أَ,1253,أَم,,,1220,مَّن,exact_arabic_text_match,false,true,needs_review_contextual_idgham,contextual_idgham;function_word_compound,,,,,P1{n=1;pos=CONJ;form=أَ;lemma=1253/أَم;root=-/-} P2{n=2;pos=REL;form=مَّن;lemma=130/مِن;root=-/-}
10:41:10,28483,مِمَّآ,مما,1786,10:41:10:2,2,STEM,REL,m~aA^,مَّآ,maA,4,مَا,,,,816,مِ,1785,1,P,مِ,130,مِن,,,1154,مَّآ,exact_arabic_text_match,false,true,needs_review_contextual_idgham,contextual_idgham;function_word_compound,,,,,P1{n=1;pos=P;form=مِ;lemma=130/مِن;root=-/-} P2{n=2;pos=REL;form=مَّآ;lemma=4/مَا;root=-/-}
10:41:14,28487,مِّمَّا,مما,1792,10:41:14:2,2,STEM,REL,m~aA,مَّا,maA,4,مَا,,,,1305,مِّ,1791,1,P,مِّ,130,مِن,,,446,مَّا,exact_arabic_text_match,false,true,needs_review_contextual_idgham,contextual_idgham;function_word_compound,,,,,P1{n=1;pos=P;form=مِّ;lemma=130/مِن;root=-/-} P2{n=2;pos=REL;form=مَّا;lemma=4/مَا;root=-/-}
10:58:9,28725,مِّمَّا,مما,2227,10:58:9:2,2,STEM,REL,m~aA,مَّا,maA,4,مَا,,,,1305,مِّ,2226,1,P,مِّ,130,مِن,,,446,مَّا,exact_arabic_text_match,false,true,needs_review_contextual_idgham,contextual_idgham;function_word_compound,,,,,P1{n=1;pos=P;form=مِّ;lemma=130/مِن;root=-/-} P2{n=2;pos=REL;form=مَّا;lemma=4/مَا;root=-/-}
10:78:4,29080,عَمَّا,عما,2839,10:78:4:2,2,STEM,REL,m~aA,مَّا,maA,4,مَا,,,,446,مَّا,2838,1,P,عَ,194,عَن,,,446,مَّا,exact_arabic_text_match,true,true,circular_match,contextual_idgham;same_as_head_stem;function_word_compound,,,,,P1{n=1;pos=P;form=عَ;lemma=194/عَن;root=-/-} P2{n=2;pos=REL;form=مَّا;lemma=4/مَا;root=-/-}
10:93:21,29321,فِيمَا,فيما,3243,10:93:21:2,2,STEM,REL,maA,مَا,maA,4,مَا,,,,653,فِي,3242,1,P,فِي,6,فِى,,,5,مَا,exact_arabic_text_match,false,true,needs_review_text_match,function_word_compound,,,,,P1{n=1;pos=P;form=فِي;lemma=6/فِى;root=-/-} P2{n=2;pos=REL;form=مَا;lemma=4/مَا;root=-/-}
10:94:5,29330,مِّمَّآ,مما,3291,10:94:5:2,2,STEM,REL,m~aA^,مَّآ,maA,4,مَا,,,,1305,مِّ,3290,1,P,مِّ,130,مِن,,,1154,مَّآ,exact_arabic_text_match,false,true,needs_review_contextual_idgham,contextual_idgham;function_word_compound,,,,,P1{n=1;pos=P;form=مِّ;lemma=130/مِن;root=-/-} P2{n=2;pos=REL;form=مَّآ;lemma=4/مَا;root=-/-}
10:108:11,29562,فَإِنَّمَا,فانما,625,10:108:11:3,3,STEM,PREV,maA,مَا,maA,4,مَا,,,,12,إِنَّ,624,2,ACC,إِنَّ,11,إِنّ,,,5,مَا,exact_arabic_text_match,false,true,needs_review_text_match,function_word_compound,,,,,P1{n=2;pos=ACC;form=إِنَّ;lemma=11/إِنّ;root=-/-} P2{n=3;pos=PREV;form=مَا;lemma=4/مَا;root=-/-}
10:108:16,29567,فَإِنَّمَا,فانما,635,10:108:16:3,3,STEM,PREV,maA,مَا,maA,4,مَا,,,,12,إِنَّ,634,2,ACC,إِنَّ,11,إِنّ,,,5,مَا,exact_arabic_text_match,false,true,needs_review_text_match,function_word_compound,,,,,P1{n=2;pos=ACC;form=إِنَّ;lemma=11/إِنّ;root=-/-} P2{n=3;pos=PREV;form=مَا;lemma=4/مَا;root=-/-}
11:2:1,29598,أَلَّا,الا,4649,11:2:1:2,2,STEM,NEG,l~aA,لَّا,laA,77,لَا,,,,1184,أَ,4648,1,SUB,أَ,462,أَن,,,476,لَّا,exact_arabic_text_match,false,true,needs_review_contextual_idgham,contextual_idgham;function_word_compound,,,,,P1{n=1;pos=SUB;form=أَ;lemma=462/أَن;root=-/-} P2{n=2;pos=NEG;form=لَّا;lemma=77/لَا;root=-/-}
11:12:20,29791,إِنَّمَآ,انما,4148,11:12:20:2,2,STEM,PREV,maA^,مَآ,maA,4,مَا,,,,12,إِنَّ,4147,1,ACC,إِنَّ,11,إِنّ,,,90,مَآ,exact_arabic_text_match,false,true,needs_review_text_match,function_word_compound,,,,,P1{n=1;pos=ACC;form=إِنَّ;lemma=11/إِنّ;root=-/-} P2{n=2;pos=PREV;form=مَآ;lemma=4/مَا;root=-/-}
11:14:5,29823,أَنَّمَآ,انما,4214,11:14:5:2,2,STEM,PREV,maA^,مَآ,maA,4,مَا,,,,251,أَنَّ,4213,1,ACC,أَنَّ,250,أَنّ,,,90,مَآ,exact_arabic_text_match,false,true,needs_review_text_match,function_word_compound,,,,,P1{n=1;pos=ACC;form=أَنَّ;lemma=250/أَنّ;root=-/-} P2{n=2;pos=PREV;form=مَآ;lemma=4/مَا;root=-/-}
11:18:3,29910,مِمَّنِ,ممن,4358,11:18:3:2,2,STEM,REL,m~ani,مَّنِ,man,130,مِن,,,,816,مِ,4357,1,P,مِ,130,مِن,,,5552,مَّنِ,exact_arabic_text_match,false,true,needs_review_contextual_idgham,contextual_idgham;function_word_compound,,,,,P1{n=1;pos=P;form=مِ;lemma=130/مِن;root=-/-} P2{n=2;pos=REL;form=مَّنِ;lemma=130/مِن;root=-/-}
11:33:2,30166,إِنَّمَا,انما,4758,11:33:2:2,2,STEM,PREV,maA,مَا,maA,4,مَا,,,,12,إِنَّ,4757,1,ACC,إِنَّ,11,إِنّ,,,5,مَا,exact_arabic_text_match,false,true,needs_review_text_match,function_word_compound,,,,,P1{n=1;pos=ACC;form=إِنَّ;lemma=11/إِنّ;root=-/-} P2{n=2;pos=PREV;form=مَا;lemma=4/مَا;root=-/-}
11:35:11,30205,مِّمَّا,مما,4800,11:35:11:2,2,STEM,REL,m~aA,مَّا,maA,4,مَا,,,,1305,مِّ,4799,1,P,مِّ,130,مِن,,,446,مَّا,exact_arabic_text_match,false,true,needs_review_contextual_idgham,contextual_idgham;function_word_compound,,,,,P1{n=1;pos=P;form=مِّ;lemma=130/مِن;root=-/-} P2{n=2;pos=REL;form=مَّا;lemma=4/مَا;root=-/-}
11:48:10,30439,مِّمَّن,ممن,5198,11:48:10:2,2,STEM,REL,m~an,مَّن,man,130,مِن,,,,1305,مِّ,5197,1,P,مِّ,130,مِن,,,1220,مَّن,exact_arabic_text_match,false,true,needs_review_contextual_idgham,contextual_idgham;function_word_compound,,,,,P1{n=1;pos=P;form=مِّ;lemma=130/مِن;root=-/-} P2{n=2;pos=REL;form=مَّن;lemma=130/مِن;root=-/-}
11:54:15,30549,مِّمَّا,مما,5381,11:54:15:2,2,STEM,REL,m~aA,مَّا,maA,4,مَا,,,,1305,مِّ,5380,1,P,مِّ,130,مِن,,,446,مَّا,exact_arabic_text_match,false,true,needs_review_contextual_idgham,contextual_idgham;function_word_compound,,,,,P1{n=1;pos=P;form=مِّ;lemma=130/مِن;root=-/-} P2{n=2;pos=REL;form=مَّا;lemma=4/مَا;root=-/-}
11:62:18,30692,مِّمَّا,مما,5635,11:62:18:2,2,STEM,REL,m~aA,مَّا,maA,4,مَا,,,,1305,مِّ,5634,1,P,مِّ,130,مِن,,,446,مَّا,exact_arabic_text_match,false,true,needs_review_contextual_idgham,contextual_idgham;function_word_compound,,,,,P1{n=1;pos=P;form=مِّ;lemma=130/مِن;root=-/-} P2{n=2;pos=REL;form=مَّا;lemma=4/مَا;root=-/-}
11:91:6,31165,مِّمَّا,مما,6493,11:91:6:2,2,STEM,REL,m~aA,مَّا,maA,4,مَا,,,,1305,مِّ,6492,1,P,مِّ,130,مِن,,,446,مَّا,exact_arabic_text_match,false,true,needs_review_contextual_idgham,contextual_idgham;function_word_compound,,,,,P1{n=1;pos=P;form=مِّ;lemma=130/مِن;root=-/-} P2{n=2;pos=REL;form=مَّا;lemma=4/مَا;root=-/-}
11:109:5,31414,مِّمَّا,مما,3769,11:109:5:2,2,STEM,REL,m~aA,مَّا,maA,4,مَا,,,,1305,مِّ,3768,1,P,مِّ,130,مِن,,,446,مَّا,exact_arabic_text_match,false,true,needs_review_contextual_idgham,contextual_idgham;function_word_compound,,,,,P1{n=1;pos=P;form=مِّ;lemma=130/مِن;root=-/-} P2{n=2;pos=REL;form=مَّا;lemma=4/مَا;root=-/-}
11:116:16,31530,مِّمَّنْ,ممن,3943,11:116:16:2,2,STEM,REL,m~ano,مَّنْ,man,130,مِن,,,,1305,مِّ,3942,1,P,مِّ,130,مِن,,,3854,مَّنْ,exact_arabic_text_match,false,true,needs_review_contextual_idgham,contextual_idgham;function_word_compound,,,,,P1{n=1;pos=P;form=مِّ;lemma=130/مِن;root=-/-} P2{n=2;pos=REL;form=مَّنْ;lemma=130/مِن;root=-/-}
11:123:15,31624,عَمَّا,عما,4110,11:123:15:2,2,STEM,REL,m~aA,مَّا,maA,4,مَا,,,,446,مَّا,4109,1,P,عَ,194,عَن,,,446,مَّا,exact_arabic_text_match,true,true,circular_match,contextual_idgham;same_as_head_stem;function_word_compound,,,,,P1{n=1;pos=P;form=عَ;lemma=194/عَن;root=-/-} P2{n=2;pos=REL;form=مَّا;lemma=4/مَا;root=-/-}
12:33:6,32148,مِمَّا,مما,7703,12:33:6:2,2,STEM,REL,m~aA,مَّا,maA,4,مَا,,,,816,مِ,7702,1,P,مِ,130,مِن,,,446,مَّا,exact_arabic_text_match,false,true,needs_review_contextual_idgham,contextual_idgham;function_word_compound,,,,,P1{n=1;pos=P;form=مِ;lemma=130/مِن;root=-/-} P2{n=2;pos=REL;form=مَّا;lemma=4/مَا;root=-/-}
12:37:13,32224,مِمَّا,مما,7799,12:37:13:2,2,STEM,REL,m~aA,مَّا,maA,4,مَا,,,,816,مِ,7798,1,P,مِ,130,مِن,,,446,مَّا,exact_arabic_text_match,false,true,needs_review_contextual_idgham,contextual_idgham;function_word_compound,,,,,P1{n=1;pos=P;form=مِ;lemma=130/مِن;root=-/-} P2{n=2;pos=REL;form=مَّا;lemma=4/مَا;root=-/-}
12:40:21,32296,أَلَّا,الا,7936,12:40:21:2,2,STEM,NEG,l~aA,لَّا,laA,77,لَا,,,,1184,أَ,7935,1,SUB,أَ,462,أَن,,,476,لَّا,exact_arabic_text_match,false,true,needs_review_contextual_idgham,contextual_idgham;function_word_compound,,,,,P1{n=1;pos=SUB;form=أَ;lemma=462/أَن;root=-/-} P2{n=2;pos=NEG;form=لَّا;lemma=77/لَا;root=-/-}
12:47:13,32429,مِّمَّا,مما,8139,12:47:13:2,2,STEM,REL,m~aA,مَّا,maA,4,مَا,,,,1305,مِّ,8138,1,P,مِّ,130,مِن,,,446,مَّا,exact_arabic_text_match,false,true,needs_review_contextual_idgham,contextual_idgham;function_word_compound,,,,,P1{n=1;pos=P;form=مِّ;lemma=130/مِن;root=-/-} P2{n=2;pos=REL;form=مَّا;lemma=4/مَا;root=-/-}
12:48:14,32445,مِّمَّا,مما,8164,12:48:14:2,2,STEM,REL,m~aA,مَّا,maA,4,مَا,,,,1305,مِّ,8163,1,P,مِّ,130,مِن,,,446,مَّا,exact_arabic_text_match,false,true,needs_review_contextual_idgham,contextual_idgham;function_word_compound,,,,,P1{n=1;pos=P;form=مِّ;lemma=130/مِن;root=-/-} P2{n=2;pos=REL;form=مَّا;lemma=4/مَا;root=-/-}
12:86:2,33085,إِنَّمَآ,انما,9269,12:86:2:2,2,STEM,PREV,maA^,مَآ,maA,4,مَا,,,,12,إِنَّ,9268,1,ACC,إِنَّ,11,إِنّ,,,90,مَآ,exact_arabic_text_match,false,true,needs_review_text_match,function_word_compound,,,,,P1{n=1;pos=ACC;form=إِنَّ;lemma=11/إِنّ;root=-/-} P2{n=2;pos=PREV;form=مَآ;lemma=4/مَا;root=-/-}
13:7:10,33667,إِنَّمَآ,انما,10961,13:7:10:2,2,STEM,PREV,maA^,مَآ,maA,4,مَا,,,,12,إِنَّ,10960,1,ACC,إِنَّ,11,إِنّ,,,90,مَآ,exact_arabic_text_match,false,true,needs_review_text_match,function_word_compound,,,,,P1{n=1;pos=ACC;form=إِنَّ;lemma=11/إِنّ;root=-/-} P2{n=2;pos=PREV;form=مَآ;lemma=4/مَا;root=-/-}
13:17:12,33874,وَمِمَّا,ومما,9885,13:17:12:3,3,STEM,REL,m~aA,مَّا,maA,4,مَا,,,,816,مِ,9884,2,P,مِ,130,مِن,,,446,مَّا,exact_arabic_text_match,false,true,needs_review_contextual_idgham,contextual_idgham;function_word_compound,,,,,P1{n=2;pos=P;form=مِ;lemma=130/مِن;root=-/-} P2{n=3;pos=REL;form=مَّا;lemma=4/مَا;root=-/-}
13:19:12,33945,إِنَّمَا,انما,10002,13:19:12:2,2,STEM,PREV,maA,مَا,maA,4,مَا,,,,12,إِنَّ,10001,1,ACC,إِنَّ,11,إِنّ,,,5,مَا,exact_arabic_text_match,false,true,needs_review_text_match,function_word_compound,,,,,P1{n=1;pos=ACC;form=إِنَّ;lemma=11/إِنّ;root=-/-} P2{n=2;pos=PREV;form=مَا;lemma=4/مَا;root=-/-}
13:22:9,33980,مِمَّا,مما,10113,13:22:9:2,2,STEM,REL,m~aA,مَّا,maA,4,مَا,,,,816,مِ,10112,1,P,مِ,130,مِن,,,446,مَّا,exact_arabic_text_match,false,true,needs_review_contextual_idgham,contextual_idgham;function_word_compound,,,,,P1{n=1;pos=P;form=مِ;lemma=130/مِن;root=-/-} P2{n=2;pos=REL;form=مَّا;lemma=4/مَا;root=-/-}
13:36:14,34281,إِنَّمَآ,انما,10581,13:36:14:2,2,STEM,PREV,maA^,مَآ,maA,4,مَا,,,,12,إِنَّ,10580,1,ACC,إِنَّ,11,إِنّ,,,90,مَآ,exact_arabic_text_match,false,true,needs_review_text_match,function_word_compound,,,,,P1{n=1;pos=ACC;form=إِنَّ;lemma=11/إِنّ;root=-/-} P2{n=2;pos=PREV;form=مَآ;lemma=4/مَا;root=-/-}
13:40:9,34354,فَإِنَّمَا,فانما,10755,13:40:9:3,3,STEM,PREV,maA,مَا,maA,4,مَا,,,,12,إِنَّ,10754,2,ACC,إِنَّ,11,إِنّ,,,5,مَا,exact_arabic_text_match,false,true,needs_review_text_match,function_word_compound,,,,,P1{n=2;pos=ACC;form=إِنَّ;lemma=11/إِنّ;root=-/-} P2{n=3;pos=PREV;form=مَا;lemma=4/مَا;root=-/-}
14:9:34,34589,مِّمَّا,مما,12390,14:9:34:2,2,STEM,REL,m~aA,مَّا,maA,4,مَا,,,,1305,مِّ,12389,1,P,مِّ,130,مِن,,,446,مَّا,exact_arabic_text_match,false,true,needs_review_contextual_idgham,contextual_idgham;function_word_compound,,,,,P1{n=1;pos=P;form=مِّ;lemma=130/مِن;root=-/-} P2{n=2;pos=REL;form=مَّا;lemma=4/مَا;root=-/-}
14:10:27,34620,عَمَّا,عما,11042,14:10:27:2,2,STEM,REL,m~aA,مَّا,maA,4,مَا,,,,446,مَّا,11041,1,P,عَ,194,عَن,,,446,مَّا,exact_arabic_text_match,true,true,circular_match,contextual_idgham;same_as_head_stem;function_word_compound,,,,,P1{n=1;pos=P;form=عَ;lemma=194/عَن;root=-/-} P2{n=2;pos=REL;form=مَّا;lemma=4/مَا;root=-/-}
14:12:3,34660,أَلَّا,الا,11131,14:12:3:2,2,STEM,NEG,l~aA,لَّا,laA,77,لَا,,,,1184,أَ,11130,1,SUB,أَ,462,أَن,,,476,لَّا,exact_arabic_text_match,false,true,needs_review_contextual_idgham,contextual_idgham;function_word_compound,,,,,P1{n=1;pos=SUB;form=أَ;lemma=462/أَن;root=-/-} P2{n=2;pos=NEG;form=لَّا;lemma=77/لَا;root=-/-}
14:18:15,34749,مِمَّا,مما,11245,14:18:15:2,2,STEM,REL,m~aA,مَّا,maA,4,مَا,,,,816,مِ,11244,1,P,مِ,130,مِن,,,446,مَّا,exact_arabic_text_match,false,true,needs_review_contextual_idgham,contextual_idgham;function_word_compound,,,,,P1{n=1;pos=P;form=مِ;lemma=130/مِن;root=-/-} P2{n=2;pos=REL;form=مَّا;lemma=4/مَا;root=-/-}
14:31:8,34977,مِمَّا,مما,11681,14:31:8:2,2,STEM,REL,m~aA,مَّا,maA,4,مَا,,,,816,مِ,11680,1,P,مِ,130,مِن,,,446,مَّا,exact_arabic_text_match,false,true,needs_review_contextual_idgham,contextual_idgham;function_word_compound,,,,,P1{n=1;pos=P;form=مِ;lemma=130/مِن;root=-/-} P2{n=2;pos=REL;form=مَّا;lemma=4/مَا;root=-/-}
14:42:5,35157,عَمَّا,عما,11986,14:42:5:2,2,STEM,REL,m~aA,مَّا,maA,4,مَا,,,,446,مَّا,11985,1,P,عَ,194,عَن,,,446,مَّا,exact_arabic_text_match,true,true,circular_match,contextual_idgham;same_as_head_stem;function_word_compound,,,,,P1{n=1;pos=P;form=عَ;lemma=194/عَن;root=-/-} P2{n=2;pos=REL;form=مَّا;lemma=4/مَا;root=-/-}
14:42:8,35160,إِنَّمَا,انما,11991,14:42:8:2,2,STEM,PREV,maA,مَا,maA,4,مَا,,,,12,إِنَّ,11990,1,ACC,إِنَّ,11,إِنّ,,,5,مَا,exact_arabic_text_match,false,true,needs_review_text_match,function_word_compound,,,,,P1{n=1;pos=ACC;form=إِنَّ;lemma=11/إِنّ;root=-/-} P2{n=2;pos=PREV;form=مَا;lemma=4/مَا;root=-/-}
14:52:7,35286,أَنَّمَا,انما,12216,14:52:7:2,2,STEM,PREV,maA,مَا,maA,4,مَا,,,,251,أَنَّ,12215,1,ACC,أَنَّ,250,أَنّ,,,5,مَا,exact_arabic_text_match,false,true,needs_review_text_match,function_word_compound,,,,,P1{n=1;pos=ACC;form=أَنَّ;lemma=250/أَنّ;root=-/-} P2{n=2;pos=PREV;form=مَا;lemma=4/مَا;root=-/-}
15:2:1,35301,رُّبَمَا,ربما,12699,15:2:1:2,2,STEM,PREV,maA,مَا,maA,4,مَا,,,,4656,رُّبَ,12698,1,N,رُّبَ,4655,رُّب,,,5,مَا,exact_arabic_text_match,false,true,needs_review_text_match,function_word_compound,,,,,P1{n=1;pos=N;form=رُّبَ;lemma=4655/رُّب;root=-/-} P2{n=2;pos=PREV;form=مَا;lemma=4/مَا;root=-/-}
15:15:2,35412,إِنَّمَا,انما,12470,15:15:2:2,2,STEM,PREV,maA,مَا,maA,4,مَا,,,,12,إِنَّ,12469,1,ACC,إِنَّ,11,إِنّ,,,5,مَا,exact_arabic_text_match,false,true,needs_review_text_match,function_word_compound,,,,,P1{n=1;pos=ACC;form=إِنَّ;lemma=11/إِنّ;root=-/-} P2{n=2;pos=PREV;form=مَا;lemma=4/مَا;root=-/-}
15:32:5,35568,أَلَّا,الا,12730,15:32:5:2,2,STEM,NEG,l~aA,لَّا,laA,77,لَا,,,,1184,أَ,12729,1,SUB,أَ,462,أَن,,,476,لَّا,exact_arabic_text_match,false,true,needs_review_contextual_idgham,contextual_idgham;function_word_compound,,,,,P1{n=1;pos=SUB;form=أَ;lemma=462/أَن;root=-/-} P2{n=2;pos=NEG;form=لَّا;lemma=77/لَا;root=-/-}
15:93:1,36003,عَمَّا,عما,13462,15:93:1:2,2,STEM,REL,m~aA,مَّا,maA,4,مَا,,,,446,مَّا,13461,1,P,عَ,194,عَن,,,446,مَّا,exact_arabic_text_match,true,true,circular_match,contextual_idgham;same_as_head_stem;function_word_compound,,,,,P1{n=1;pos=P;form=عَ;lemma=194/عَن;root=-/-} P2{n=2;pos=REL;form=مَّا;lemma=4/مَا;root=-/-}
16:1:8,36055,عَمَّا,عما,14415,16:1:8:2,2,STEM,REL,m~aA,مَّا,maA,4,مَا,,,,446,مَّا,14414,1,P,عَ,194,عَن,,,446,مَّا,exact_arabic_text_match,true,true,circular_match,contextual_idgham;same_as_head_stem;function_word_compound,,,,,P1{n=1;pos=P;form=عَ;lemma=194/عَن;root=-/-} P2{n=2;pos=REL;form=مَّا;lemma=4/مَا;root=-/-}
16:3:6,36082,عَمَّا,عما,14956,16:3:6:2,2,STEM,REL,m~aA,مَّا,maA,4,مَا,,,,446,مَّا,14955,1,P,عَ,194,عَن,,,446,مَّا,exact_arabic_text_match,true,true,circular_match,contextual_idgham;same_as_head_stem;function_word_compound,,,,,P1{n=1;pos=P;form=عَ;lemma=194/عَن;root=-/-} P2{n=2;pos=REL;form=مَّا;lemma=4/مَا;root=-/-}
16:40:1,36609,إِنَّمَا,انما,14960,16:40:1:2,2,STEM,PREV,maA,مَا,maA,4,مَا,,,,12,إِنَّ,14959,1,ACC,إِنَّ,11,إِنّ,,,5,مَا,exact_arabic_text_match,false,true,needs_review_text_match,function_word_compound,,,,,P1{n=1;pos=ACC;form=إِنَّ;lemma=11/إِنّ;root=-/-} P2{n=2;pos=PREV;form=مَا;lemma=4/مَا;root=-/-}
16:51:7,36755,إِنَّمَا,انما,15202,16:51:7:2,2,STEM,PREV,maA,مَا,maA,4,مَا,,,,12,إِنَّ,15201,1,ACC,إِنَّ,11,إِنّ,,,5,مَا,exact_arabic_text_match,false,true,needs_review_text_match,function_word_compound,,,,,P1{n=1;pos=ACC;form=إِنَّ;lemma=11/إِنّ;root=-/-} P2{n=2;pos=PREV;form=مَا;lemma=4/مَا;root=-/-}
16:56:6,36810,مِّمَّا,مما,15294,16:56:6:2,2,STEM,REL,m~aA,مَّا,maA,4,مَا,,,,1305,مِّ,15293,1,P,مِّ,130,مِن,,,446,مَّا,exact_arabic_text_match,false,true,needs_review_contextual_idgham,contextual_idgham;function_word_compound,,,,,P1{n=1;pos=P;form=مِّ;lemma=130/مِن;root=-/-} P2{n=2;pos=REL;form=مَّا;lemma=4/مَا;root=-/-}
16:56:10,36814,عَمَّا,عما,15282,16:56:10:2,2,STEM,REL,m~aA,مَّا,maA,4,مَا,,,,446,مَّا,15281,1,P,عَ,194,عَن,,,446,مَّا,exact_arabic_text_match,true,true,circular_match,contextual_idgham;same_as_head_stem;function_word_compound,,,,,P1{n=1;pos=P;form=عَ;lemma=194/عَن;root=-/-} P2{n=2;pos=REL;form=مَّا;lemma=4/مَا;root=-/-}
16:66:7,36967,مِّمَّا,مما,15569,16:66:7:2,2,STEM,REL,m~aA,مَّا,maA,4,مَا,,,,1305,مِّ,15568,1,P,مِّ,130,مِن,,,446,مَّا,exact_arabic_text_match,false,true,needs_review_contextual_idgham,contextual_idgham;function_word_compound,,,,,P1{n=1;pos=P;form=مِّ;lemma=130/مِن;root=-/-} P2{n=2;pos=REL;form=مَّا;lemma=4/مَا;root=-/-}
16:68:12,37006,وَمِمَّا,ومما,15606,16:68:12:3,3,STEM,REL,m~aA,مَّا,maA,4,مَا,,,,816,مِ,15605,2,P,مِ,130,مِن,,,446,مَّا,exact_arabic_text_match,false,true,needs_review_contextual_idgham,contextual_idgham;function_word_compound,,,,,P1{n=2;pos=P;form=مِ;lemma=130/مِن;root=-/-} P2{n=3;pos=REL;form=مَّا;lemma=4/مَا;root=-/-}
16:76:15,37169,أَيْنَمَا,اينما,15861,16:76:15:2,2,STEM,REL,maA,مَا,maA,4,مَا,,,,5069,أَيْنَ,15860,1,LOC,أَيْنَ,5068,أَيْن,,,5,مَا,exact_arabic_text_match,false,true,needs_review_text_match,function_word_compound,,,,,P1{n=1;pos=LOC;form=أَيْنَ;lemma=5068/أَيْن;root=-/-} P2{n=2;pos=REL;form=مَا;lemma=4/مَا;root=-/-}
16:81:4,37269,مِّمَّا,مما,16073,16:81:4:2,2,STEM,REL,m~aA,مَّا,maA,4,مَا,,,,1305,مِّ,16072,1,P,مِّ,130,مِن,,,446,مَّا,exact_arabic_text_match,false,true,needs_review_contextual_idgham,contextual_idgham;function_word_compound,,,,,P1{n=1;pos=P;form=مِّ;lemma=130/مِن;root=-/-} P2{n=2;pos=REL;form=مَّا;lemma=4/مَا;root=-/-}
16:82:3,37294,فَإِنَّمَا,فانما,16087,16:82:3:3,3,STEM,PREV,maA,مَا,maA,4,مَا,,,,12,إِنَّ,16086,2,ACC,إِنَّ,11,إِنّ,,,5,مَا,exact_arabic_text_match,false,true,needs_review_text_match,function_word_compound,,,,,P1{n=2;pos=ACC;form=إِنَّ;lemma=11/إِنّ;root=-/-} P2{n=3;pos=PREV;form=مَا;lemma=4/مَا;root=-/-}
16:92:21,37462,إِنَّمَا,انما,16359,16:92:21:2,2,STEM,PREV,maA,مَا,maA,4,مَا,,,,12,إِنَّ,16358,1,ACC,إِنَّ,11,إِنّ,,,5,مَا,exact_arabic_text_match,false,true,needs_review_text_match,function_word_compound,,,,,P1{n=1;pos=ACC;form=إِنَّ;lemma=11/إِنّ;root=-/-} P2{n=2;pos=PREV;form=مَا;lemma=4/مَا;root=-/-}
16:93:15,37489,عَمَّا,عما,16402,16:93:15:2,2,STEM,REL,m~aA,مَّا,maA,4,مَا,,,,446,مَّا,16401,1,P,عَ,194,عَن,,,446,مَّا,exact_arabic_text_match,true,true,circular_match,contextual_idgham;same_as_head_stem;function_word_compound,,,,,P1{n=1;pos=P;form=عَ;lemma=194/عَن;root=-/-} P2{n=2;pos=REL;form=مَّا;lemma=4/مَا;root=-/-}
16:95:7,37519,إِنَّمَا,انما,16469,16:95:7:2,2,STEM,PREV,maA,مَا,maA,4,مَا,,,,12,إِنَّ,16468,1,ACC,إِنَّ,11,إِنّ,,,5,مَا,exact_arabic_text_match,false,true,needs_review_text_match,function_word_compound,,,,,P1{n=1;pos=ACC;form=إِنَّ;lemma=11/إِنّ;root=-/-} P2{n=2;pos=PREV;form=مَا;lemma=4/مَا;root=-/-}
16:100:1,37584,إِنَّمَا,انما,13543,16:100:1:2,2,STEM,PREV,maA,مَا,maA,4,مَا,,,,12,إِنَّ,13542,1,ACC,إِنَّ,11,إِنّ,,,5,مَا,exact_arabic_text_match,false,true,needs_review_text_match,function_word_compound,,,,,P1{n=1;pos=ACC;form=إِنَّ;lemma=11/إِنّ;root=-/-} P2{n=2;pos=PREV;form=مَا;lemma=4/مَا;root=-/-}
16:101:11,37604,إِنَّمَآ,انما,13562,16:101:11:2,2,STEM,PREV,maA^,مَآ,maA,4,مَا,,,,12,إِنَّ,13561,1,ACC,إِنَّ,11,إِنّ,,,90,مَآ,exact_arabic_text_match,false,true,needs_review_text_match,function_word_compound,,,,,P1{n=1;pos=ACC;form=إِنَّ;lemma=11/إِنّ;root=-/-} P2{n=2;pos=PREV;form=مَآ;lemma=4/مَا;root=-/-}
16:103:5,37630,إِنَّمَا,انما,13625,16:103:5:2,2,STEM,PREV,maA,مَا,maA,4,مَا,,,,12,إِنَّ,13624,1,ACC,إِنَّ,11,إِنّ,,,5,مَا,exact_arabic_text_match,false,true,needs_review_text_match,function_word_compound,,,,,P1{n=1;pos=ACC;form=إِنَّ;lemma=11/إِنّ;root=-/-} P2{n=2;pos=PREV;form=مَا;lemma=4/مَا;root=-/-}
16:105:1,37656,إِنَّمَا,انما,13649,16:105:1:2,2,STEM,PREV,maA,مَا,maA,4,مَا,,,,12,إِنَّ,13648,1,ACC,إِنَّ,11,إِنّ,,,5,مَا,exact_arabic_text_match,false,true,needs_review_text_match,function_word_compound,,,,,P1{n=1;pos=ACC;form=إِنَّ;lemma=11/إِنّ;root=-/-} P2{n=2;pos=PREV;form=مَا;lemma=4/مَا;root=-/-}
16:114:2,37798,مِمَّا,مما,13886,16:114:2:2,2,STEM,REL,m~aA,مَّا,maA,4,مَا,,,,816,مِ,13885,1,P,مِ,130,مِن,,,446,مَّا,exact_arabic_text_match,false,true,needs_review_contextual_idgham,contextual_idgham;function_word_compound,,,,,P1{n=1;pos=P;form=مِ;lemma=130/مِن;root=-/-} P2{n=2;pos=REL;form=مَّا;lemma=4/مَا;root=-/-}
16:115:1,37811,إِنَّمَا,انما,13898,16:115:1:2,2,STEM,PREV,maA,مَا,maA,4,مَا,,,,12,إِنَّ,13897,1,ACC,إِنَّ,11,إِنّ,,,5,مَا,exact_arabic_text_match,false,true,needs_review_text_match,function_word_compound,,,,,P1{n=1;pos=ACC;form=إِنَّ;lemma=11/إِنّ;root=-/-} P2{n=2;pos=PREV;form=مَا;lemma=4/مَا;root=-/-}
16:124:1,37942,إِنَّمَا,انما,14121,16:124:1:2,2,STEM,PREV,maA,مَا,maA,4,مَا,,,,12,إِنَّ,14120,1,ACC,إِنَّ,11,إِنّ,,,5,مَا,exact_arabic_text_match,false,true,needs_review_text_match,function_word_compound,,,,,P1{n=1;pos=ACC;form=إِنَّ;lemma=11/إِنّ;root=-/-} P2{n=2;pos=PREV;form=مَا;lemma=4/مَا;root=-/-}
16:124:14,37955,فِيمَا,فيما,14130,16:124:14:2,2,STEM,REL,maA,مَا,maA,4,مَا,,,,653,فِي,14129,1,P,فِي,6,فِى,,,5,مَا,exact_arabic_text_match,false,true,needs_review_text_match,function_word_compound,,,,,P1{n=1;pos=P;form=فِي;lemma=6/فِى;root=-/-} P2{n=2;pos=REL;form=مَا;lemma=4/مَا;root=-/-}
16:127:13,38008,مِّمَّا,مما,14218,16:127:13:2,2,STEM,REL,m~aA,مَّا,maA,4,مَا,,,,1305,مِّ,14217,1,P,مِّ,130,مِن,,,446,مَّا,exact_arabic_text_match,false,true,needs_review_contextual_idgham,contextual_idgham;function_word_compound,,,,,P1{n=1;pos=P;form=مِّ;lemma=130/مِن;root=-/-} P2{n=2;pos=REL;form=مَّا;lemma=4/مَا;root=-/-}
17:2:8,38049,أَلَّا,الا,17345,17:2:8:2,2,STEM,NEG,l~aA,لَّا,laA,77,لَا,,,,1184,أَ,17344,1,SUB,أَ,462,أَن,,,476,لَّا,exact_arabic_text_match,false,true,needs_review_contextual_idgham,contextual_idgham;function_word_compound,,,,,P1{n=1;pos=SUB;form=أَ;lemma=462/أَن;root=-/-} P2{n=2;pos=NEG;form=لَّا;lemma=77/لَا;root=-/-}
17:15:3,38229,فَإِنَّمَا,فانما,16984,17:15:3:3,3,STEM,PREV,maA,مَا,maA,4,مَا,,,,12,إِنَّ,16983,2,ACC,إِنَّ,11,إِنّ,,,5,مَا,exact_arabic_text_match,false,true,needs_review_text_match,function_word_compound,,,,,P1{n=2;pos=ACC;form=إِنَّ;lemma=11/إِنّ;root=-/-} P2{n=3;pos=PREV;form=مَا;lemma=4/مَا;root=-/-}
17:15:8,38234,فَإِنَّمَا,فانما,16994,17:15:8:3,3,STEM,PREV,maA,مَا,maA,4,مَا,,,,12,إِنَّ,16993,2,ACC,إِنَّ,11,إِنّ,,,5,مَا,exact_arabic_text_match,false,true,needs_review_text_match,function_word_compound,,,,,P1{n=2;pos=ACC;form=إِنَّ;lemma=11/إِنّ;root=-/-} P2{n=3;pos=PREV;form=مَا;lemma=4/مَا;root=-/-}
17:23:3,38347,أَلَّا,الا,17200,17:23:3:2,2,STEM,NEG,l~aA,لَّا,laA,77,لَا,,,,1184,أَ,17199,1,SUB,أَ,462,أَن,,,476,لَّا,exact_arabic_text_match,false,true,needs_review_contextual_idgham,contextual_idgham;function_word_compound,,,,,P1{n=1;pos=SUB;form=أَ;lemma=462/أَن;root=-/-} P2{n=2;pos=NEG;form=لَّا;lemma=77/لَا;root=-/-}
17:39:2,38574,مِمَّآ,مما,17547,17:39:2:2,2,STEM,REL,m~aA^,مَّآ,maA,4,مَا,,,,816,مِ,17546,1,P,مِ,130,مِن,,,1154,مَّآ,exact_arabic_text_match,false,true,needs_review_contextual_idgham,contextual_idgham;function_word_compound,,,,,P1{n=1;pos=P;form=مِ;lemma=130/مِن;root=-/-} P2{n=2;pos=REL;form=مَّآ;lemma=4/مَا;root=-/-}
17:43:3,38631,عَمَّا,عما,17634,17:43:3:2,2,STEM,REL,m~aA,مَّا,maA,4,مَا,,,,446,مَّا,17633,1,P,عَ,194,عَن,,,446,مَّا,exact_arabic_text_match,true,true,circular_match,contextual_idgham;same_as_head_stem;function_word_compound,,,,,P1{n=1;pos=P;form=عَ;lemma=194/عَن;root=-/-} P2{n=2;pos=REL;form=مَّا;lemma=4/مَا;root=-/-}
17:51:3,38739,مِّمَّا,مما,17843,17:51:3:2,2,STEM,REL,m~aA,مَّا,maA,4,مَا,,,,1305,مِّ,17842,1,P,مِّ,130,مِن,,,446,مَّا,exact_arabic_text_match,false,true,needs_review_contextual_idgham,contextual_idgham;function_word_compound,,,,,P1{n=1;pos=P;form=مِّ;lemma=130/مِن;root=-/-} P2{n=2;pos=REL;form=مَّا;lemma=4/مَا;root=-/-}
17:70:15,39079,مِّمَّنْ,ممن,18396,17:70:15:2,2,STEM,REL,m~ano,مَّنْ,man,130,مِن,,,,1305,مِّ,18395,1,P,مِّ,130,مِن,,,3854,مَّنْ,exact_arabic_text_match,false,true,needs_review_contextual_idgham,contextual_idgham;function_word_compound,,,,,P1{n=1;pos=P;form=مِّ;lemma=130/مِن;root=-/-} P2{n=2;pos=REL;form=مَّنْ;lemma=130/مِن;root=-/-}
17:97:24,39469,كُلَّمَا,كلما,19048,17:97:24:2,2,STEM,SUB,maA,مَا,maA,4,مَا,,,,2377,كُلَّ,19047,1,T,كُلَّ,2363,كُلَّمَا,229,ك   ل   ل,5,مَا,exact_arabic_text_match,false,true,needs_review_text_match,function_word_compound,,,,,P1{n=1;pos=T;form=كُلَّ;lemma=2363/كُلَّمَا;root=229/ك   ل   ل} P2{n=2;pos=SUB;form=مَا;lemma=4/مَا;root=-/-}
18:15:14,39865,مِمَّنِ,ممن,19470,18:15:14:2,2,STEM,REL,m~ani,مَّنِ,man,130,مِن,,,,816,مِ,19469,1,P,مِ,130,مِن,,,5552,مَّنِ,exact_arabic_text_match,false,true,needs_review_contextual_idgham,contextual_idgham;function_word_compound,,,,,P1{n=1;pos=P;form=مِ;lemma=130/مِن;root=-/-} P2{n=2;pos=REL;form=مَّنِ;lemma=130/مِن;root=-/-}
18:48:13,40488,أَلَّن,الن,20482,18:48:13:2,2,STEM,NEG,l~an,لَّن,lan,2306,لَن,,,,1184,أَ,20481,1,SUB,أَ,462,أَن,,,6554,لَّن,exact_arabic_text_match,false,true,needs_review_contextual_idgham,contextual_idgham;function_word_compound,,,,,P1{n=1;pos=SUB;form=أَ;lemma=462/أَن;root=-/-} P2{n=2;pos=NEG;form=لَّن;lemma=2306/لَن;root=-/-}
18:49:6,40498,مِمَّا,مما,20538,18:49:6:2,2,STEM,REL,m~aA,مَّا,maA,4,مَا,,,,816,مِ,20537,1,P,مِ,130,مِن,,,446,مَّا,exact_arabic_text_match,false,true,needs_review_contextual_idgham,contextual_idgham;function_word_compound,,,,,P1{n=1;pos=P;form=مِ;lemma=130/مِن;root=-/-} P2{n=2;pos=REL;form=مَّا;lemma=4/مَا;root=-/-}
18:57:3,40643,مِمَّن,ممن,20796,18:57:3:2,2,STEM,REL,m~an,مَّن,man,130,مِن,,,,816,مِ,20795,1,P,مِ,130,مِن,,,1220,مَّن,exact_arabic_text_match,false,true,needs_review_contextual_idgham,contextual_idgham;function_word_compound,,,,,P1{n=1;pos=P;form=مِ;lemma=130/مِن;root=-/-} P2{n=2;pos=REL;form=مَّن;lemma=130/مِن;root=-/-}
18:66:9,40792,مِمَّا,مما,21024,18:66:9:2,2,STEM,REL,m~aA,مَّا,maA,4,مَا,,,,816,مِ,21023,1,P,مِ,130,مِن,,,446,مَّا,exact_arabic_text_match,false,true,needs_review_contextual_idgham,contextual_idgham;function_word_compound,,,,,P1{n=1;pos=P;form=مِ;lemma=130/مِن;root=-/-} P2{n=2;pos=REL;form=مَّا;lemma=4/مَا;root=-/-}
18:110:2,41352,إِنَّمَآ,انما,19362,18:110:2:2,2,STEM,PREV,maA^,مَآ,maA,4,مَا,,,,12,إِنَّ,19361,1,ACC,إِنَّ,11,إِنّ,,,90,مَآ,exact_arabic_text_match,false,true,needs_review_text_match,function_word_compound,,,,,P1{n=1;pos=ACC;form=إِنَّ;lemma=11/إِنّ;root=-/-} P2{n=2;pos=PREV;form=مَآ;lemma=4/مَا;root=-/-}
18:110:8,41358,أَنَّمَآ,انما,19379,18:110:8:2,2,STEM,PREV,maA^,مَآ,maA,4,مَا,,,,251,أَنَّ,19378,1,ACC,أَنَّ,250,أَنّ,,,90,مَآ,exact_arabic_text_match,false,true,needs_review_text_match,function_word_compound,,,,,P1{n=1;pos=ACC;form=أَنَّ;lemma=250/أَنّ;root=-/-} P2{n=2;pos=PREV;form=مَآ;lemma=4/مَا;root=-/-}
19:10:8,41478,أَلَّا,الا,21742,19:10:8:2,2,STEM,NEG,l~aA,لَّا,laA,77,لَا,,,,1184,أَ,21741,1,SUB,أَ,462,أَن,,,476,لَّا,exact_arabic_text_match,false,true,needs_review_contextual_idgham,contextual_idgham;function_word_compound,,,,,P1{n=1;pos=SUB;form=أَ;lemma=462/أَن;root=-/-} P2{n=2;pos=NEG;form=لَّا;lemma=77/لَا;root=-/-}
19:19:2,41562,إِنَّمَآ,انما,21856,19:19:2:2,2,STEM,PREV,maA^,مَآ,maA,4,مَا,,,,12,إِنَّ,21855,1,ACC,إِنَّ,11,إِنّ,,,90,مَآ,exact_arabic_text_match,false,true,needs_review_text_match,function_word_compound,,,,,P1{n=1;pos=ACC;form=إِنَّ;lemma=11/إِنّ;root=-/-} P2{n=2;pos=PREV;form=مَآ;lemma=4/مَا;root=-/-}
19:24:4,41622,أَلَّا,الا,21948,19:24:4:2,2,STEM,PRO,l~aA,لَّا,laA,77,لَا,,,,1184,أَ,21947,1,INT,أَ,462,أَن,,,476,لَّا,exact_arabic_text_match,false,true,needs_review_contextual_idgham,contextual_idgham;function_word_compound,,,,,P1{n=1;pos=INT;form=أَ;lemma=462/أَن;root=-/-} P2{n=2;pos=PRO;form=لَّا;lemma=77/لَا;root=-/-}
19:35:12,41751,فَإِنَّمَا,فانما,22136,19:35:12:3,3,STEM,PREV,maA,مَا,maA,4,مَا,,,,12,إِنَّ,22135,2,ACC,إِنَّ,11,إِنّ,,,5,مَا,exact_arabic_text_match,false,true,needs_review_text_match,function_word_compound,,,,,P1{n=2;pos=ACC;form=إِنَّ;lemma=11/إِنّ;root=-/-} P2{n=3;pos=PREV;form=مَا;lemma=4/مَا;root=-/-}
19:48:10,41906,أَلَّآ,الا,22373,19:48:10:2,2,STEM,NEG,l~aA^,لَّآ,laA,77,لَا,,,,1184,أَ,22372,1,SUB,أَ,462,أَن,,,1370,لَّآ,exact_arabic_text_match,false,true,needs_review_contextual_idgham,contextual_idgham;function_word_compound,,,,,P1{n=1;pos=SUB;form=أَ;lemma=462/أَن;root=-/-} P2{n=2;pos=NEG;form=لَّآ;lemma=77/لَا;root=-/-}
19:58:11,42009,وَمِمَّنْ,وممن,22550,19:58:11:3,3,STEM,REL,m~ano,مَّنْ,man,130,مِن,,,,816,مِ,22549,2,P,مِ,130,مِن,,,3854,مَّنْ,exact_arabic_text_match,false,true,needs_review_contextual_idgham,contextual_idgham;function_word_compound,,,,,P1{n=2;pos=P;form=مِ;lemma=130/مِن;root=-/-} P2{n=3;pos=REL;form=مَّنْ;lemma=130/مِن;root=-/-}
19:58:19,42017,وَمِمَّنْ,وممن,22563,19:58:19:3,3,STEM,REL,m~ano,مَّنْ,man,130,مِن,,,,816,مِ,22562,2,P,مِ,130,مِن,,,3854,مَّنْ,exact_arabic_text_match,false,true,needs_review_contextual_idgham,contextual_idgham;function_word_compound,,,,,P1{n=2;pos=P;form=مِ;lemma=130/مِن;root=-/-} P2{n=3;pos=REL;form=مَّنْ;lemma=130/مِن;root=-/-}
19:84:4,42317,إِنَّمَا,انما,23072,19:84:4:2,2,STEM,PREV,maA,مَا,maA,4,مَا,,,,12,إِنَّ,23071,1,ACC,إِنَّ,11,إِنّ,,,5,مَا,exact_arabic_text_match,false,true,needs_review_text_match,function_word_compound,,,,,P1{n=1;pos=ACC;form=إِنَّ;lemma=11/إِنّ;root=-/-} P2{n=2;pos=PREV;form=مَا;lemma=4/مَا;root=-/-}
19:97:1,42409,فَإِنَّمَا,فانما,23219,19:97:1:3,3,STEM,PREV,maA,مَا,maA,4,مَا,,,,12,إِنَّ,23218,2,ACC,إِنَّ,11,إِنّ,,,5,مَا,exact_arabic_text_match,false,true,needs_review_text_match,function_word_compound,,,,,P1{n=2;pos=ACC;form=إِنَّ;lemma=11/إِنّ;root=-/-} P2{n=3;pos=PREV;form=مَا;lemma=4/مَا;root=-/-}
20:4:2,42449,مِّمَّنْ,ممن,24525,20:4:2:2,2,STEM,REL,m~ano,مَّنْ,man,130,مِن,,,,1305,مِّ,24524,1,P,مِّ,130,مِن,,,3854,مَّنْ,exact_arabic_text_match,false,true,needs_review_contextual_idgham,contextual_idgham;function_word_compound,,,,,P1{n=1;pos=P;form=مِّ;lemma=130/مِن;root=-/-} P2{n=2;pos=REL;form=مَّنْ;lemma=130/مِن;root=-/-}
20:69:8,43042,إِنَّمَا,انما,24859,20:69:8:2,2,STEM,REL,maA,مَا,maA,4,مَا,,,,12,إِنَّ,24858,1,ACC,إِنَّ,11,إِنّ,,,5,مَا,exact_arabic_text_match,false,true,needs_review_text_match,function_word_compound,,,,,P1{n=1;pos=ACC;form=إِنَّ;lemma=11/إِنّ;root=-/-} P2{n=2;pos=REL;form=مَا;lemma=4/مَا;root=-/-}
20:72:15,43102,إِنَّمَا,انما,24956,20:72:15:2,2,STEM,PREV,maA,مَا,maA,4,مَا,,,,12,إِنَّ,24955,1,ACC,إِنَّ,11,إِنّ,,,5,مَا,exact_arabic_text_match,false,true,needs_review_text_match,function_word_compound,,,,,P1{n=1;pos=ACC;form=إِنَّ;lemma=11/إِنّ;root=-/-} P2{n=2;pos=PREV;form=مَا;lemma=4/مَا;root=-/-}
20:89:3,43322,أَلَّا,الا,25338,20:89:3:2,2,STEM,NEG,l~aA,لَّا,laA,77,لَا,,,,1184,أَ,25337,1,ACC,أَ,250,أَنّ,,,476,لَّا,exact_arabic_text_match,false,true,needs_review_contextual_idgham,contextual_idgham;function_word_compound,,,,,P1{n=1;pos=ACC;form=أَ;lemma=250/أَنّ;root=-/-} P2{n=2;pos=NEG;form=لَّا;lemma=77/لَا;root=-/-}
20:90:8,43340,إِنَّمَا,انما,25389,20:90:8:2,2,STEM,PREV,maA,مَا,maA,4,مَا,,,,12,إِنَّ,25388,1,ACC,إِنَّ,11,إِنّ,,,5,مَا,exact_arabic_text_match,false,true,needs_review_text_match,function_word_compound,,,,,P1{n=1;pos=ACC;form=إِنَّ;lemma=11/إِنّ;root=-/-} P2{n=2;pos=PREV;form=مَا;lemma=4/مَا;root=-/-}
20:93:1,43368,أَلَّا,الا,25417,20:93:1:2,2,STEM,NEG,l~aA,لَّا,laA,77,لَا,,,,1184,أَ,25416,1,SUB,أَ,462,أَن,,,476,لَّا,exact_arabic_text_match,false,true,needs_review_contextual_idgham,contextual_idgham;function_word_compound,,,,,P1{n=1;pos=SUB;form=أَ;lemma=462/أَن;root=-/-} P2{n=2;pos=NEG;form=لَّا;lemma=77/لَا;root=-/-}
20:94:2,43374,يَبْنَؤُمَّ,يبنؤم,25441,20:94:2:3,3,STEM,N,&um~a,ؤُمَّ,>um~,150,أُمّ,Amm,149,ا   م   م,7608,ؤُمَّ,25440,2,N,بْنَ,2429,ابْن,1776,ب   ن   ي,7608,ؤُمَّ,exact_arabic_text_match,true,true,circular_match,contextual_idgham;same_as_head_stem;artifact_stem_text,,,,,P1{n=2;pos=N;form=بْنَ;lemma=2429/ابْن;root=1776/ب   ن   ي} P2{n=3;pos=N;form=ؤُمَّ;lemma=150/أُمّ;root=149/ا   م   م}
20:98:1,43443,إِنَّمَآ,انما,25541,20:98:1:2,2,STEM,PREV,maA^,مَآ,maA,4,مَا,,,,12,إِنَّ,25540,1,ACC,إِنَّ,11,إِنّ,,,90,مَآ,exact_arabic_text_match,false,true,needs_review_text_match,function_word_compound,,,,,P1{n=1;pos=ACC;form=إِنَّ;lemma=11/إِنّ;root=-/-} P2{n=2;pos=PREV;form=مَآ;lemma=4/مَا;root=-/-}
20:118:3,43665,أَلَّا,الا,23641,20:118:3:2,2,STEM,NEG,l~aA,لَّا,laA,77,لَا,,,,1184,أَ,23640,1,SUB,أَ,462,أَن,,,476,لَّا,exact_arabic_text_match,false,true,needs_review_contextual_idgham,contextual_idgham;function_word_compound,,,,,P1{n=1;pos=SUB;form=أَ;lemma=462/أَن;root=-/-} P2{n=2;pos=NEG;form=لَّا;lemma=77/لَا;root=-/-}
20:123:8,43722,فَإِمَّا,فاما,23752,20:123:8:3,3,STEM,SUP,m~aA,مَّا,maA,4,مَا,,,,446,مَّا,23751,2,COND,إِ,541,إِن,,,446,مَّا,exact_arabic_text_match,true,true,circular_match,contextual_idgham;same_as_head_stem;function_word_compound,,,,,P1{n=2;pos=COND;form=إِ;lemma=541/إِن;root=-/-} P2{n=3;pos=SUP;form=مَّا;lemma=4/مَا;root=-/-}
21:18:12,44095,مِمَّا,مما,25905,21:18:12:2,2,STEM,REL,m~aA,مَّا,maA,4,مَا,,,,816,مِ,25904,1,P,مِ,130,مِن,,,446,مَّا,exact_arabic_text_match,false,true,needs_review_contextual_idgham,contextual_idgham;function_word_compound,,,,,P1{n=1;pos=P;form=مِ;lemma=130/مِن;root=-/-} P2{n=2;pos=REL;form=مَّا;lemma=4/مَا;root=-/-}
21:22:12,44137,عَمَّا,عما,25982,21:22:12:2,2,STEM,REL,m~aA,مَّا,maA,4,مَا,,,,446,مَّا,25981,1,P,عَ,194,عَن,,,446,مَّا,exact_arabic_text_match,true,true,circular_match,contextual_idgham;same_as_head_stem;function_word_compound,,,,,P1{n=1;pos=P;form=عَ;lemma=194/عَن;root=-/-} P2{n=2;pos=REL;form=مَّا;lemma=4/مَا;root=-/-}
21:23:3,44142,عَمَّا,عما,26000,21:23:3:2,2,STEM,REL,m~aA,مَّا,maA,4,مَا,,,,446,مَّا,25999,1,P,عَ,194,عَن,,,446,مَّا,exact_arabic_text_match,true,true,circular_match,contextual_idgham;same_as_head_stem;function_word_compound,,,,,P1{n=1;pos=P;form=عَ;lemma=194/عَن;root=-/-} P2{n=2;pos=REL;form=مَّا;lemma=4/مَا;root=-/-}
21:45:2,44434,إِنَّمَآ,انما,26504,21:45:2:2,2,STEM,PREV,maA^,مَآ,maA,4,مَا,,,,12,إِنَّ,26503,1,ACC,إِنَّ,11,إِنّ,,,90,مَآ,exact_arabic_text_match,false,true,needs_review_text_match,function_word_compound,,,,,P1{n=1;pos=ACC;form=إِنَّ;lemma=11/إِنّ;root=-/-} P2{n=2;pos=PREV;form=مَآ;lemma=4/مَا;root=-/-}
21:108:2,45132,إِنَّمَا,انما,25707,21:108:2:2,2,STEM,REL,maA,مَا,maA,4,مَا,,,,12,إِنَّ,25706,1,ACC,إِنَّ,11,إِنّ,,,5,مَا,exact_arabic_text_match,false,true,needs_review_text_match,function_word_compound,,,,,P1{n=1;pos=ACC;form=إِنَّ;lemma=11/إِنّ;root=-/-} P2{n=2;pos=REL;form=مَا;lemma=4/مَا;root=-/-}
21:108:5,45135,أَنَّمَآ,انما,25712,21:108:5:2,2,STEM,PREV,maA^,مَآ,maA,4,مَا,,,,251,أَنَّ,25711,1,ACC,أَنَّ,250,أَنّ,,,90,مَآ,exact_arabic_text_match,false,true,needs_review_text_match,function_word_compound,,,,,P1{n=1;pos=ACC;form=أَنَّ;lemma=250/أَنّ;root=-/-} P2{n=2;pos=PREV;form=مَآ;lemma=4/مَا;root=-/-}
22:2:6,45201,عَمَّآ,عما,28165,22:2:6:2,2,STEM,REL,m~aA^,مَّآ,maA,4,مَا,,,,1154,مَّآ,28164,1,P,عَ,194,عَن,,,1154,مَّآ,exact_arabic_text_match,true,true,circular_match,contextual_idgham;same_as_head_stem;function_word_compound,,,,,P1{n=1;pos=P;form=عَ;lemma=194/عَن;root=-/-} P2{n=2;pos=REL;form=مَّآ;lemma=4/مَا;root=-/-}
22:31:9,45742,فَكَأَنَّمَا,فكانما,28241,22:31:9:3,3,STEM,PREV,maA,مَا,maA,4,مَا,,,,1072,كَأَنَّ,28240,2,ACC,كَأَنَّ,1071,كَأَنّ,,,5,مَا,exact_arabic_text_match,false,true,needs_review_text_match,function_word_compound,,,,,P1{n=2;pos=ACC;form=كَأَنَّ;lemma=1071/كَأَنّ;root=-/-} P2{n=3;pos=PREV;form=مَا;lemma=4/مَا;root=-/-}
22:35:13,45811,وَمِمَّا,ومما,28315,22:35:13:3,3,STEM,REL,m~aA,مَّا,maA,4,مَا,,,,816,مِ,28314,2,P,مِ,130,مِن,,,446,مَّا,exact_arabic_text_match,false,true,needs_review_contextual_idgham,contextual_idgham;function_word_compound,,,,,P1{n=2;pos=P;form=مِ;lemma=130/مِن;root=-/-} P2{n=3;pos=REL;form=مَّا;lemma=4/مَا;root=-/-}
22:47:13,46021,مِّمَّا,مما,28671,22:47:13:2,2,STEM,REL,m~aA,مَّا,maA,4,مَا,,,,1305,مِّ,28670,1,P,مِّ,130,مِن,,,446,مَّا,exact_arabic_text_match,false,true,needs_review_contextual_idgham,contextual_idgham;function_word_compound,,,,,P1{n=1;pos=P;form=مِّ;lemma=130/مِن;root=-/-} P2{n=2;pos=REL;form=مَّا;lemma=4/مَا;root=-/-}
22:49:4,46039,إِنَّمَآ,انما,28713,22:49:4:2,2,STEM,PREV,maA^,مَآ,maA,4,مَا,,,,12,إِنَّ,28712,1,ACC,إِنَّ,11,إِنّ,,,90,مَآ,exact_arabic_text_match,false,true,needs_review_text_match,function_word_compound,,,,,P1{n=1;pos=ACC;form=إِنَّ;lemma=11/إِنّ;root=-/-} P2{n=2;pos=PREV;form=مَآ;lemma=4/مَا;root=-/-}
22:69:6,46346,فِيمَا,فيما,29286,22:69:6:2,2,STEM,REL,maA,مَا,maA,4,مَا,,,,653,فِي,29285,1,P,فِي,6,فِى,,,5,مَا,exact_arabic_text_match,false,true,needs_review_text_match,function_word_compound,,,,,P1{n=1;pos=P;form=فِي;lemma=6/فِى;root=-/-} P2{n=2;pos=REL;form=مَا;lemma=4/مَا;root=-/-}
23:21:7,46710,مِّمَّا,مما,30141,23:21:7:2,2,STEM,REL,m~aA,مَّا,maA,4,مَا,,,,1305,مِّ,30140,1,P,مِّ,130,مِن,,,446,مَّا,exact_arabic_text_match,false,true,needs_review_contextual_idgham,contextual_idgham;function_word_compound,,,,,P1{n=1;pos=P;form=مِّ;lemma=130/مِن;root=-/-} P2{n=2;pos=REL;form=مَّا;lemma=4/مَا;root=-/-}
23:33:20,46893,مِمَّا,مما,30409,23:33:20:2,2,STEM,REL,m~aA,مَّا,maA,4,مَا,,,,816,مِ,30408,1,P,مِ,130,مِن,,,446,مَّا,exact_arabic_text_match,false,true,needs_review_contextual_idgham,contextual_idgham;function_word_compound,,,,,P1{n=1;pos=P;form=مِ;lemma=130/مِن;root=-/-} P2{n=2;pos=REL;form=مَّا;lemma=4/مَا;root=-/-}
23:33:24,46897,مِمَّا,مما,30417,23:33:24:2,2,STEM,REL,m~aA,مَّا,maA,4,مَا,,,,816,مِ,30416,1,P,مِ,130,مِن,,,446,مَّا,exact_arabic_text_match,false,true,needs_review_contextual_idgham,contextual_idgham;function_word_compound,,,,,P1{n=1;pos=P;form=مِ;lemma=130/مِن;root=-/-} P2{n=2;pos=REL;form=مَّا;lemma=4/مَا;root=-/-}
23:40:2,46954,عَمَّا,عما,30518,23:40:2:2,2,STEM,REL,m~aA,مَّا,maA,4,مَا,,,,446,مَّا,30517,1,P,عَ,194,عَن,,,446,مَّا,exact_arabic_text_match,true,true,circular_match,contextual_idgham;same_as_head_stem;function_word_compound,,,,,P1{n=1;pos=P;form=عَ;lemma=194/عَن;root=-/-} P2{n=2;pos=REL;form=مَّا;lemma=4/مَا;root=-/-}
23:55:2,47090,أَنَّمَا,انما,30747,23:55:2:2,2,STEM,REL,maA,مَا,maA,4,مَا,,,,251,أَنَّ,30746,1,ACC,أَنَّ,250,أَنّ,,,5,مَا,exact_arabic_text_match,false,true,needs_review_text_match,function_word_compound,,,,,P1{n=1;pos=ACC;form=أَنَّ;lemma=250/أَنّ;root=-/-} P2{n=2;pos=REL;form=مَا;lemma=4/مَا;root=-/-}
23:91:23,47448,عَمَّا,عما,31322,23:91:23:2,2,STEM,REL,m~aA,مَّا,maA,4,مَا,,,,446,مَّا,31321,1,P,عَ,194,عَن,,,446,مَّا,exact_arabic_text_match,true,true,circular_match,contextual_idgham;same_as_head_stem;function_word_compound,,,,,P1{n=1;pos=P;form=عَ;lemma=194/عَن;root=-/-} P2{n=2;pos=REL;form=مَّا;lemma=4/مَا;root=-/-}
23:92:5,47455,عَمَّا,عما,31343,23:92:5:2,2,STEM,REL,m~aA,مَّا,maA,4,مَا,,,,446,مَّا,31342,1,P,عَ,194,عَن,,,446,مَّا,exact_arabic_text_match,true,true,circular_match,contextual_idgham;same_as_head_stem;function_word_compound,,,,,P1{n=1;pos=P;form=عَ;lemma=194/عَن;root=-/-} P2{n=2;pos=REL;form=مَّا;lemma=4/مَا;root=-/-}
23:100:4,47516,فِيمَا,فيما,29672,23:100:4:2,2,STEM,REL,maA,مَا,maA,4,مَا,,,,653,فِي,29671,1,P,فِي,6,فِى,,,5,مَا,exact_arabic_text_match,false,true,needs_review_text_match,function_word_compound,,,,,P1{n=1;pos=P;form=فِي;lemma=6/فِى;root=-/-} P2{n=2;pos=REL;form=مَا;lemma=4/مَا;root=-/-}
23:115:2,47659,أَنَّمَا,انما,29886,23:115:2:2,2,STEM,SUB,maA,مَا,maA,4,مَا,,,,251,أَنَّ,29885,1,ACC,أَنَّ,250,أَنّ,,,5,مَا,exact_arabic_text_match,false,true,needs_review_text_match,function_word_compound,,,,,P1{n=1;pos=ACC;form=أَنَّ;lemma=250/أَنّ;root=-/-} P2{n=2;pos=SUB;form=مَا;lemma=4/مَا;root=-/-}
23:117:11,47689,فَإِنَّمَا,فانما,29921,23:117:11:3,3,STEM,PREV,maA,مَا,maA,4,مَا,,,,12,إِنَّ,29920,2,ACC,إِنَّ,11,إِنّ,,,5,مَا,exact_arabic_text_match,false,true,needs_review_text_match,function_word_compound,,,,,P1{n=2;pos=ACC;form=إِنَّ;lemma=11/إِنّ;root=-/-} P2{n=3;pos=PREV;form=مَا;lemma=4/مَا;root=-/-}
24:26:11,48116,مِمَّا,مما,31863,24:26:11:2,2,STEM,REL,m~aA,مَّا,maA,4,مَا,,,,816,مِ,31862,1,P,مِ,130,مِن,,,446,مَّا,exact_arabic_text_match,false,true,needs_review_contextual_idgham,contextual_idgham;function_word_compound,,,,,P1{n=1;pos=P;form=مِ;lemma=130/مِن;root=-/-} P2{n=2;pos=REL;form=مَّا;lemma=4/مَا;root=-/-}
24:33:14,48309,مِمَّا,مما,32226,24:33:14:2,2,STEM,REL,m~aA,مَّا,maA,4,مَا,,,,816,مِ,32225,1,P,مِ,130,مِن,,,446,مَّا,exact_arabic_text_match,false,true,needs_review_contextual_idgham,contextual_idgham;function_word_compound,,,,,P1{n=1;pos=P;form=مِ;lemma=130/مِن;root=-/-} P2{n=2;pos=REL;form=مَّا;lemma=4/مَا;root=-/-}
24:51:1,48692,إِنَّمَا,انما,32853,24:51:1:2,2,STEM,PREV,maA,مَا,maA,4,مَا,,,,12,إِنَّ,32852,1,ACC,إِنَّ,11,إِنّ,,,5,مَا,exact_arabic_text_match,false,true,needs_review_text_match,function_word_compound,,,,,P1{n=1;pos=ACC;form=إِنَّ;lemma=11/إِنّ;root=-/-} P2{n=2;pos=PREV;form=مَا;lemma=4/مَا;root=-/-}
24:54:8,48747,فَإِنَّمَا,فانما,32970,24:54:8:3,3,STEM,PREV,maA,مَا,maA,4,مَا,,,,12,إِنَّ,32969,2,ACC,إِنَّ,11,إِنّ,,,5,مَا,exact_arabic_text_match,false,true,needs_review_text_match,function_word_compound,,,,,P1{n=2;pos=ACC;form=إِنَّ;lemma=11/إِنّ;root=-/-} P2{n=3;pos=PREV;form=مَا;lemma=4/مَا;root=-/-}
24:62:1,48995,إِنَّمَا,انما,33347,24:62:1:2,2,STEM,PREV,maA,مَا,maA,4,مَا,,,,12,إِنَّ,33346,1,ACC,إِنَّ,11,إِنّ,,,5,مَا,exact_arabic_text_match,false,true,needs_review_text_match,function_word_compound,,,,,P1{n=1;pos=ACC;form=إِنَّ;lemma=11/إِنّ;root=-/-} P2{n=2;pos=PREV;form=مَا;lemma=4/مَا;root=-/-}
25:49:6,49716,مِمَّا,مما,34390,25:49:6:2,2,STEM,REL,m~aA,مَّا,maA,4,مَا,,,,816,مِ,34389,1,P,مِ,130,مِن,,,446,مَّا,exact_arabic_text_match,false,true,needs_review_contextual_idgham,contextual_idgham;function_word_compound,,,,,P1{n=1;pos=P;form=مِ;lemma=130/مِن;root=-/-} P2{n=2;pos=REL;form=مَّا;lemma=4/مَا;root=-/-}
26:3:4,50066,أَلَّا,الا,36569,26:3:4:2,2,STEM,NEG,l~aA,لَّا,laA,77,لَا,,,,1184,أَ,36568,1,SUB,أَ,462,أَن,,,476,لَّا,exact_arabic_text_match,false,true,needs_review_contextual_idgham,contextual_idgham;function_word_compound,,,,,P1{n=1;pos=SUB;form=أَ;lemma=462/أَن;root=-/-} P2{n=2;pos=NEG;form=لَّا;lemma=77/لَا;root=-/-}
26:153:2,51093,إِنَّمَآ,انما,35536,26:153:2:2,2,STEM,PREV,maA^,مَآ,maA,4,مَا,,,,12,إِنَّ,35535,1,ACC,إِنَّ,11,إِنّ,,,90,مَآ,exact_arabic_text_match,false,true,needs_review_text_match,function_word_compound,,,,,P1{n=1;pos=ACC;form=إِنَّ;lemma=11/إِنّ;root=-/-} P2{n=2;pos=PREV;form=مَآ;lemma=4/مَا;root=-/-}
26:169:4,51218,مِمَّا,مما,35730,26:169:4:2,2,STEM,REL,m~aA,مَّا,maA,4,مَا,,,,816,مِ,35729,1,P,مِ,130,مِن,,,446,مَّا,exact_arabic_text_match,false,true,needs_review_contextual_idgham,contextual_idgham;function_word_compound,,,,,P1{n=1;pos=P;form=مِ;lemma=130/مِن;root=-/-} P2{n=2;pos=REL;form=مَّا;lemma=4/مَا;root=-/-}
26:185:2,51317,إِنَّمَآ,انما,35896,26:185:2:2,2,STEM,PREV,maA^,مَآ,maA,4,مَا,,,,12,إِنَّ,35895,1,ACC,إِنَّ,11,إِنّ,,,90,مَآ,exact_arabic_text_match,false,true,needs_review_text_match,function_word_compound,,,,,P1{n=1;pos=ACC;form=إِنَّ;lemma=11/إِنّ;root=-/-} P2{n=2;pos=PREV;form=مَآ;lemma=4/مَا;root=-/-}
26:216:6,51523,مِّمَّا,مما,36233,26:216:6:2,2,STEM,REL,m~aA,مَّا,maA,4,مَا,,,,1305,مِّ,36232,1,P,مِّ,130,مِن,,,446,مَّا,exact_arabic_text_match,false,true,needs_review_contextual_idgham,contextual_idgham;function_word_compound,,,,,P1{n=1;pos=P;form=مِّ;lemma=130/مِن;root=-/-} P2{n=2;pos=REL;form=مَّا;lemma=4/مَا;root=-/-}
27:25:1,51922,أَلَّا,الا,37601,27:25:1:2,2,STEM,NEG,l~aA,لَّا,laA,77,لَا,,,,1184,أَ,37600,1,SUB,أَ,462,أَن,,,476,لَّا,exact_arabic_text_match,false,true,needs_review_contextual_idgham,contextual_idgham;function_word_compound,,,,,P1{n=1;pos=SUB;form=أَ;lemma=462/أَن;root=-/-} P2{n=2;pos=NEG;form=لَّا;lemma=77/لَا;root=-/-}
27:31:1,51984,أَلَّا,الا,37698,27:31:1:2,2,STEM,PRO,l~aA,لَّا,laA,77,لَا,,,,1184,أَ,37697,1,INT,أَ,462,أَن,,,476,لَّا,exact_arabic_text_match,false,true,needs_review_contextual_idgham,contextual_idgham;function_word_compound,,,,,P1{n=1;pos=INT;form=أَ;lemma=462/أَن;root=-/-} P2{n=2;pos=PRO;form=لَّا;lemma=77/لَا;root=-/-}
27:36:11,52049,مِّمَّآ,مما,37789,27:36:11:2,2,STEM,REL,m~aA^,مَّآ,maA,4,مَا,,,,1305,مِّ,37788,1,P,مِّ,130,مِن,,,1154,مَّآ,exact_arabic_text_match,false,true,needs_review_contextual_idgham,contextual_idgham;function_word_compound,,,,,P1{n=1;pos=P;form=مِّ;lemma=130/مِن;root=-/-} P2{n=2;pos=REL;form=مَّآ;lemma=4/مَا;root=-/-}
27:40:30,52127,فَإِنَّمَا,فانما,37936,27:40:30:3,3,STEM,PREV,maA,مَا,maA,4,مَا,,,,12,إِنَّ,37935,2,ACC,إِنَّ,11,إِنّ,,,5,مَا,exact_arabic_text_match,false,true,needs_review_text_match,function_word_compound,,,,,P1{n=2;pos=ACC;form=إِنَّ;lemma=11/إِنّ;root=-/-} P2{n=3;pos=PREV;form=مَا;lemma=4/مَا;root=-/-}
27:60:1,52375,أَمَّنْ,امن,38363,27:60:1:2,2,STEM,REL,m~ano,مَّنْ,man,130,مِن,,,,1184,أَ,38362,1,CONJ,أَ,1253,أَم,,,3854,مَّنْ,exact_arabic_text_match,false,true,needs_review_contextual_idgham,contextual_idgham;function_word_compound,,,,,P1{n=1;pos=CONJ;form=أَ;lemma=1253/أَم;root=-/-} P2{n=2;pos=REL;form=مَّنْ;lemma=130/مِن;root=-/-}
27:61:1,52403,أَمَّن,امن,38405,27:61:1:2,2,STEM,REL,m~an,مَّن,man,130,مِن,,,,1184,أَ,38404,1,CONJ,أَ,1253,أَم,,,1220,مَّن,exact_arabic_text_match,false,true,needs_review_contextual_idgham,contextual_idgham;function_word_compound,,,,,P1{n=1;pos=CONJ;form=أَ;lemma=1253/أَم;root=-/-} P2{n=2;pos=REL;form=مَّن;lemma=130/مِن;root=-/-}
27:62:1,52425,أَمَّن,امن,38437,27:62:1:2,2,STEM,REL,m~an,مَّن,man,130,مِن,,,,1184,أَ,38436,1,CONJ,أَ,1253,أَم,,,1220,مَّن,exact_arabic_text_match,false,true,needs_review_contextual_idgham,contextual_idgham;function_word_compound,,,,,P1{n=1;pos=CONJ;form=أَ;lemma=1253/أَم;root=-/-} P2{n=2;pos=REL;form=مَّن;lemma=130/مِن;root=-/-}
27:63:1,52442,أَمَّن,امن,38463,27:63:1:2,2,STEM,REL,m~an,مَّن,man,130,مِن,,,,1184,أَ,38462,1,CONJ,أَ,1253,أَم,,,1220,مَّن,exact_arabic_text_match,false,true,needs_review_contextual_idgham,contextual_idgham;function_word_compound,,,,,P1{n=1;pos=CONJ;form=أَ;lemma=1253/أَم;root=-/-} P2{n=2;pos=REL;form=مَّن;lemma=130/مِن;root=-/-}
27:63:19,52460,عَمَّا,عما,38476,27:63:19:2,2,STEM,REL,m~aA,مَّا,maA,4,مَا,,,,446,مَّا,38475,1,P,عَ,194,عَن,,,446,مَّا,exact_arabic_text_match,true,true,circular_match,contextual_idgham;same_as_head_stem;function_word_compound,,,,,P1{n=1;pos=P;form=عَ;lemma=194/عَن;root=-/-} P2{n=2;pos=REL;form=مَّا;lemma=4/مَا;root=-/-}
27:64:1,52463,أَمَّن,امن,38494,27:64:1:2,2,STEM,REL,m~an,مَّن,man,130,مِن,,,,1184,أَ,38493,1,CONJ,أَ,1253,أَم,,,1220,مَّن,exact_arabic_text_match,false,true,needs_review_contextual_idgham,contextual_idgham;function_word_compound,,,,,P1{n=1;pos=CONJ;form=أَ;lemma=1253/أَم;root=-/-} P2{n=2;pos=REL;form=مَّن;lemma=130/مِن;root=-/-}
27:70:8,52553,مِّمَّا,مما,38634,27:70:8:2,2,STEM,REL,m~aA,مَّا,maA,4,مَا,,,,1305,مِّ,38633,1,P,مِّ,130,مِن,,,446,مَّا,exact_arabic_text_match,false,true,needs_review_contextual_idgham,contextual_idgham;function_word_compound,,,,,P1{n=1;pos=P;form=مِّ;lemma=130/مِن;root=-/-} P2{n=2;pos=REL;form=مَّا;lemma=4/مَا;root=-/-}
27:83:7,52690,مِّمَّن,ممن,38861,27:83:7:2,2,STEM,REL,m~an,مَّن,man,130,مِن,,,,1305,مِّ,38860,1,P,مِّ,130,مِن,,,1220,مَّن,exact_arabic_text_match,false,true,needs_review_contextual_idgham,contextual_idgham;function_word_compound,,,,,P1{n=1;pos=P;form=مِّ;lemma=130/مِن;root=-/-} P2{n=2;pos=REL;form=مَّن;lemma=130/مِن;root=-/-}
27:91:1,52799,إِنَّمَآ,انما,39046,27:91:1:2,2,STEM,PREV,maA^,مَآ,maA,4,مَا,,,,12,إِنَّ,39045,1,ACC,إِنَّ,11,إِنّ,,,90,مَآ,exact_arabic_text_match,false,true,needs_review_text_match,function_word_compound,,,,,P1{n=1;pos=ACC;form=إِنَّ;lemma=11/إِنّ;root=-/-} P2{n=2;pos=PREV;form=مَآ;lemma=4/مَا;root=-/-}
27:92:6,52822,فَإِنَّمَا,فانما,39090,27:92:6:3,3,STEM,PREV,maA,مَا,maA,4,مَا,,,,12,إِنَّ,39089,2,ACC,إِنَّ,11,إِنّ,,,5,مَا,exact_arabic_text_match,false,true,needs_review_text_match,function_word_compound,,,,,P1{n=2;pos=ACC;form=إِنَّ;lemma=11/إِنّ;root=-/-} P2{n=3;pos=PREV;form=مَا;lemma=4/مَا;root=-/-}
27:92:12,52828,إِنَّمَآ,انما,39077,27:92:12:2,2,STEM,PREV,maA^,مَآ,maA,4,مَا,,,,12,إِنَّ,39076,1,ACC,إِنَّ,11,إِنّ,,,90,مَآ,exact_arabic_text_match,false,true,needs_review_text_match,function_word_compound,,,,,P1{n=1;pos=ACC;form=إِنَّ;lemma=11/إِنّ;root=-/-} P2{n=2;pos=PREV;form=مَآ;lemma=4/مَا;root=-/-}
27:93:10,52842,عَمَّا,عما,39100,27:93:10:2,2,STEM,REL,m~aA,مَّا,maA,4,مَا,,,,446,مَّا,39099,1,P,عَ,194,عَن,,,446,مَّا,exact_arabic_text_match,true,true,circular_match,contextual_idgham;same_as_head_stem;function_word_compound,,,,,P1{n=1;pos=P;form=عَ;lemma=194/عَن;root=-/-} P2{n=2;pos=REL;form=مَّا;lemma=4/مَا;root=-/-}
28:28:5,53310,أَيَّمَا,ايما,39661,28:28:5:2,2,STEM,SUP,maA,مَا,maA,4,مَا,,,,5,مَا,39660,1,COND,أَيَّ,2780,أَىّ,,,5,مَا,exact_arabic_text_match,true,true,circular_match,same_as_head_stem;function_word_compound,,,,,P1{n=1;pos=COND;form=أَيَّ;lemma=2780/أَىّ;root=-/-} P2{n=2;pos=SUP;form=مَا;lemma=4/مَا;root=-/-}
28:50:6,53703,أَنَّمَا,انما,40340,28:50:6:2,2,STEM,PREV,maA,مَا,maA,4,مَا,,,,251,أَنَّ,40339,1,ACC,أَنَّ,250,أَنّ,,,5,مَا,exact_arabic_text_match,false,true,needs_review_text_match,function_word_compound,,,,,P1{n=1;pos=ACC;form=أَنَّ;lemma=250/أَنّ;root=-/-} P2{n=2;pos=PREV;form=مَا;lemma=4/مَا;root=-/-}
28:50:11,53708,مِمَّنِ,ممن,40315,28:50:11:2,2,STEM,REL,m~ani,مَّنِ,man,130,مِن,,,,816,مِ,40314,1,P,مِ,130,مِن,,,5552,مَّنِ,exact_arabic_text_match,false,true,needs_review_contextual_idgham,contextual_idgham;function_word_compound,,,,,P1{n=1;pos=P;form=مِ;lemma=130/مِن;root=-/-} P2{n=2;pos=REL;form=مَّنِ;lemma=130/مِن;root=-/-}
28:54:10,53763,وَمِمَّا,ومما,40403,28:54:10:3,3,STEM,REL,m~aA,مَّا,maA,4,مَا,,,,816,مِ,40402,2,P,مِ,130,مِن,,,446,مَّا,exact_arabic_text_match,false,true,needs_review_contextual_idgham,contextual_idgham;function_word_compound,,,,,P1{n=2;pos=P;form=مِ;lemma=130/مِن;root=-/-} P2{n=3;pos=REL;form=مَّا;lemma=4/مَا;root=-/-}
28:68:13,53977,عَمَّا,عما,40765,28:68:13:2,2,STEM,REL,m~aA,مَّا,maA,4,مَا,,,,446,مَّا,40764,1,P,عَ,194,عَن,,,446,مَّا,exact_arabic_text_match,true,true,circular_match,contextual_idgham;same_as_head_stem;function_word_compound,,,,,P1{n=1;pos=P;form=عَ;lemma=194/عَن;root=-/-} P2{n=2;pos=REL;form=مَّا;lemma=4/مَا;root=-/-}
28:77:2,54118,فِيمَآ,فيما,41038,28:77:2:2,2,STEM,REL,maA^,مَآ,maA,4,مَا,,,,653,فِي,41037,1,P,فِي,6,فِى,,,90,مَآ,exact_arabic_text_match,false,true,needs_review_text_match,function_word_compound,,,,,P1{n=1;pos=P;form=فِي;lemma=6/فِى;root=-/-} P2{n=2;pos=REL;form=مَآ;lemma=4/مَا;root=-/-}
28:78:2,54145,إِنَّمَآ,انما,41074,28:78:2:2,2,STEM,PREV,maA^,مَآ,maA,4,مَا,,,,12,إِنَّ,41073,1,ACC,إِنَّ,11,إِنّ,,,90,مَآ,exact_arabic_text_match,false,true,needs_review_text_match,function_word_compound,,,,,P1{n=1;pos=ACC;form=إِنَّ;lemma=11/إِنّ;root=-/-} P2{n=2;pos=PREV;form=مَآ;lemma=4/مَا;root=-/-}
29:6:3,54414,فَإِنَّمَا,فانما,43090,29:6:3:3,3,STEM,PREV,maA,مَا,maA,4,مَا,,,,12,إِنَّ,43089,2,ACC,إِنَّ,11,إِنّ,,,5,مَا,exact_arabic_text_match,false,true,needs_review_text_match,function_word_compound,,,,,P1{n=2;pos=ACC;form=إِنَّ;lemma=11/إِنّ;root=-/-} P2{n=3;pos=PREV;form=مَا;lemma=4/مَا;root=-/-}
29:13:9,54532,عَمَّا,عما,41596,29:13:9:2,2,STEM,REL,m~aA,مَّا,maA,4,مَا,,,,446,مَّا,41595,1,P,عَ,194,عَن,,,446,مَّا,exact_arabic_text_match,true,true,circular_match,contextual_idgham;same_as_head_stem;function_word_compound,,,,,P1{n=1;pos=P;form=عَ;lemma=194/عَن;root=-/-} P2{n=2;pos=REL;form=مَّا;lemma=4/مَا;root=-/-}
29:17:1,54574,إِنَّمَا,انما,41663,29:17:1:2,2,STEM,PREV,maA,مَا,maA,4,مَا,,,,12,إِنَّ,41662,1,ACC,إِنَّ,11,إِنّ,,,5,مَا,exact_arabic_text_match,false,true,needs_review_text_match,function_word_compound,,,,,P1{n=1;pos=ACC;form=إِنَّ;lemma=11/إِنّ;root=-/-} P2{n=2;pos=PREV;form=مَا;lemma=4/مَا;root=-/-}
29:25:2,54713,إِنَّمَا,انما,41884,29:25:2:2,2,STEM,PREV,maA,مَا,maA,4,مَا,,,,12,إِنَّ,41883,1,ACC,إِنَّ,11,إِنّ,,,5,مَا,exact_arabic_text_match,false,true,needs_review_text_match,function_word_compound,,,,,P1{n=1;pos=ACC;form=إِنَّ;lemma=11/إِنّ;root=-/-} P2{n=2;pos=PREV;form=مَا;lemma=4/مَا;root=-/-}
29:50:9,55139,إِنَّمَا,انما,42629,29:50:9:2,2,STEM,PREV,maA,مَا,maA,4,مَا,,,,12,إِنَّ,42628,1,ACC,إِنَّ,11,إِنّ,,,5,مَا,exact_arabic_text_match,false,true,needs_review_text_match,function_word_compound,,,,,P1{n=1;pos=ACC;form=إِنَّ;lemma=11/إِنّ;root=-/-} P2{n=2;pos=PREV;form=مَا;lemma=4/مَا;root=-/-}
29:50:13,55143,وَإِنَّمَآ,وانما,42615,29:50:13:3,3,STEM,PREV,maA^,مَآ,maA,4,مَا,,,,12,إِنَّ,42614,2,ACC,إِنَّ,11,إِنّ,,,90,مَآ,exact_arabic_text_match,false,true,needs_review_text_match,function_word_compound,,,,,P1{n=2;pos=ACC;form=إِنَّ;lemma=11/إِنّ;root=-/-} P2{n=3;pos=PREV;form=مَآ;lemma=4/مَا;root=-/-}
29:68:3,55382,مِمَّنِ,ممن,43057,29:68:3:2,2,STEM,REL,m~ani,مَّنِ,man,130,مِن,,,,816,مِ,43056,1,P,مِ,130,مِن,,,5552,مَّنِ,exact_arabic_text_match,false,true,needs_review_contextual_idgham,contextual_idgham;function_word_compound,,,,,P1{n=1;pos=P;form=مِ;lemma=130/مِن;root=-/-} P2{n=2;pos=REL;form=مَّنِ;lemma=130/مِن;root=-/-}
30:9:20,55509,مِمَّا,مما,54734,30:9:20:2,2,STEM,REL,m~aA,مَّا,maA,4,مَا,,,,816,مِ,54733,1,P,مِ,130,مِن,,,446,مَّا,exact_arabic_text_match,false,true,needs_review_contextual_idgham,contextual_idgham;function_word_compound,,,,,P1{n=1;pos=P;form=مِ;lemma=130/مِن;root=-/-} P2{n=2;pos=REL;form=مَّا;lemma=4/مَا;root=-/-}
30:40:21,55969,عَمَّا,عما,54129,30:40:21:2,2,STEM,REL,m~aA,مَّا,maA,4,مَا,,,,446,مَّا,54128,1,P,عَ,194,عَن,,,446,مَّا,exact_arabic_text_match,true,true,circular_match,contextual_idgham;same_as_head_stem;function_word_compound,,,,,P1{n=1;pos=P;form=عَ;lemma=194/عَن;root=-/-} P2{n=2;pos=REL;form=مَّا;lemma=4/مَا;root=-/-}
31:12:10,56421,فَإِنَّمَا,فانما,54837,31:12:10:3,3,STEM,PREV,maA,مَا,maA,4,مَا,,,,12,إِنَّ,54836,2,ACC,إِنَّ,11,إِنّ,,,5,مَا,exact_arabic_text_match,false,true,needs_review_text_match,function_word_compound,,,,,P1{n=2;pos=ACC;form=إِنَّ;lemma=11/إِنّ;root=-/-} P2{n=3;pos=PREV;form=مَا;lemma=4/مَا;root=-/-}
31:27:2,56687,أَنَّمَا,انما,55263,31:27:2:2,2,STEM,REL,maA,مَا,maA,4,مَا,,,,251,أَنَّ,55262,1,ACC,أَنَّ,250,أَنّ,,,5,مَا,exact_arabic_text_match,false,true,needs_review_text_match,function_word_compound,,,,,P1{n=1;pos=ACC;form=أَنَّ;lemma=250/أَنّ;root=-/-} P2{n=2;pos=REL;form=مَا;lemma=4/مَا;root=-/-}
32:5:16,56935,مِّمَّا,مما,56171,32:5:16:2,2,STEM,REL,m~aA,مَّا,maA,4,مَا,,,,1305,مِّ,56170,1,P,مِّ,130,مِن,,,446,مَّا,exact_arabic_text_match,false,true,needs_review_contextual_idgham,contextual_idgham;function_word_compound,,,,,P1{n=1;pos=P;form=مِّ;lemma=130/مِن;root=-/-} P2{n=2;pos=REL;form=مَّا;lemma=4/مَا;root=-/-}
32:15:1,57056,إِنَّمَا,انما,55748,32:15:1:2,2,STEM,PREV,maA,مَا,maA,4,مَا,,,,12,إِنَّ,55747,1,ACC,إِنَّ,11,إِنّ,,,5,مَا,exact_arabic_text_match,false,true,needs_review_text_match,function_word_compound,,,,,P1{n=1;pos=ACC;form=إِنَّ;lemma=11/إِنّ;root=-/-} P2{n=2;pos=PREV;form=مَا;lemma=4/مَا;root=-/-}
32:16:9,57080,وَمِمَّا,ومما,55794,32:16:9:3,3,STEM,REL,m~aA,مَّا,maA,4,مَا,,,,816,مِ,55793,2,P,مِ,130,مِن,,,446,مَّا,exact_arabic_text_match,false,true,needs_review_contextual_idgham,contextual_idgham;function_word_compound,,,,,P1{n=2;pos=P;form=مِ;lemma=130/مِن;root=-/-} P2{n=3;pos=REL;form=مَّا;lemma=4/مَا;root=-/-}
32:22:3,57154,مِمَّن,ممن,55915,32:22:3:2,2,STEM,REL,m~an,مَّن,man,130,مِن,,,,816,مِ,55914,1,P,مِ,130,مِن,,,1220,مَّن,exact_arabic_text_match,false,true,needs_review_contextual_idgham,contextual_idgham;function_word_compound,,,,,P1{n=1;pos=P;form=مِ;lemma=130/مِن;root=-/-} P2{n=2;pos=REL;form=مَّن;lemma=130/مِن;root=-/-}
32:25:8,57199,فِيمَا,فيما,55986,32:25:8:2,2,STEM,REL,maA,مَا,maA,4,مَا,,,,653,فِي,55985,1,P,فِي,6,فِى,,,5,مَا,exact_arabic_text_match,false,true,needs_review_text_match,function_word_compound,,,,,P1{n=1;pos=P;form=فِي;lemma=6/فِى;root=-/-} P2{n=2;pos=REL;form=مَا;lemma=4/مَا;root=-/-}
33:5:18,57347,فِيمَآ,فيما,57925,33:5:18:2,2,STEM,REL,maA^,مَآ,maA,4,مَا,,,,653,فِي,57924,1,P,فِي,6,فِى,,,90,مَآ,exact_arabic_text_match,false,true,needs_review_text_match,function_word_compound,,,,,P1{n=1;pos=P;form=فِي;lemma=6/فِى;root=-/-} P2{n=2;pos=REL;form=مَآ;lemma=4/مَا;root=-/-}
33:33:16,57866,إِنَّمَا,انما,56933,33:33:16:2,2,STEM,PREV,maA,مَا,maA,4,مَا,,,,12,إِنَّ,56932,1,ACC,إِنَّ,11,إِنّ,,,5,مَا,exact_arabic_text_match,false,true,needs_review_text_match,function_word_compound,,,,,P1{n=1;pos=ACC;form=إِنَّ;lemma=11/إِنّ;root=-/-} P2{n=2;pos=PREV;form=مَا;lemma=4/مَا;root=-/-}
33:38:7,58003,فِيمَا,فيما,57190,33:38:7:2,2,STEM,REL,maA,مَا,maA,4,مَا,,,,653,فِي,57189,1,P,فِي,6,فِى,,,5,مَا,exact_arabic_text_match,false,true,needs_review_text_match,function_word_compound,,,,,P1{n=1;pos=P;form=فِي;lemma=6/فِى;root=-/-} P2{n=2;pos=REL;form=مَا;lemma=4/مَا;root=-/-}
33:50:13,58159,مِمَّآ,مما,57450,33:50:13:2,2,STEM,REL,m~aA^,مَّآ,maA,4,مَا,,,,816,مِ,57449,1,P,مِ,130,مِن,,,1154,مَّآ,exact_arabic_text_match,false,true,needs_review_contextual_idgham,contextual_idgham;function_word_compound,,,,,P1{n=1;pos=P;form=مِ;lemma=130/مِن;root=-/-} P2{n=2;pos=REL;form=مَّآ;lemma=4/مَا;root=-/-}
33:51:11,58219,مِمَّنْ,ممن,57546,33:51:11:2,2,STEM,REL,m~ano,مَّنْ,man,130,مِن,,,,816,مِ,57545,1,P,مِ,130,مِن,,,3854,مَّنْ,exact_arabic_text_match,false,true,needs_review_contextual_idgham,contextual_idgham;function_word_compound,,,,,P1{n=1;pos=P;form=مِ;lemma=130/مِن;root=-/-} P2{n=2;pos=REL;form=مَّنْ;lemma=130/مِن;root=-/-}
33:61:2,58469,أَيْنَمَا,اينما,57988,33:61:2:2,2,STEM,REL,maA,مَا,maA,4,مَا,,,,5069,أَيْنَ,57987,1,LOC,أَيْنَ,5068,أَيْن,,,5,مَا,exact_arabic_text_match,false,true,needs_review_text_match,function_word_compound,,,,,P1{n=1;pos=LOC;form=أَيْنَ;lemma=5068/أَيْن;root=-/-} P2{n=2;pos=REL;form=مَا;lemma=4/مَا;root=-/-}
33:63:6,58493,إِنَّمَا,انما,58030,33:63:6:2,2,STEM,PREV,maA,مَا,maA,4,مَا,,,,12,إِنَّ,58029,1,ACC,إِنَّ,11,إِنّ,,,5,مَا,exact_arabic_text_match,false,true,needs_review_text_match,function_word_compound,,,,,P1{n=1;pos=ACC;form=إِنَّ;lemma=11/إِنّ;root=-/-} P2{n=2;pos=PREV;form=مَا;lemma=4/مَا;root=-/-}
33:69:11,58561,مِمَّا,مما,58113,33:69:11:2,2,STEM,REL,m~aA,مَّا,maA,4,مَا,,,,816,مِ,58112,1,P,مِ,130,مِن,,,446,مَّا,exact_arabic_text_match,false,true,needs_review_contextual_idgham,contextual_idgham;function_word_compound,,,,,P1{n=1;pos=P;form=مِ;lemma=130/مِن;root=-/-} P2{n=2;pos=REL;form=مَّا;lemma=4/مَا;root=-/-}
34:21:12,59010,مِمَّنْ,ممن,58718,34:21:12:2,2,STEM,REL,m~ano,مَّنْ,man,130,مِن,,,,816,مِ,58717,1,P,مِ,130,مِن,,,3854,مَّنْ,exact_arabic_text_match,false,true,needs_review_contextual_idgham,contextual_idgham;function_word_compound,,,,,P1{n=1;pos=P;form=مِ;lemma=130/مِن;root=-/-} P2{n=2;pos=REL;form=مَّنْ;lemma=130/مِن;root=-/-}
34:25:4,59092,عَمَّآ,عما,58844,34:25:4:2,2,STEM,REL,m~aA^,مَّآ,maA,4,مَا,,,,1154,مَّآ,58843,1,P,عَ,194,عَن,,,1154,مَّآ,exact_arabic_text_match,true,true,circular_match,contextual_idgham;same_as_head_stem;function_word_compound,,,,,P1{n=1;pos=P;form=عَ;lemma=194/عَن;root=-/-} P2{n=2;pos=REL;form=مَّآ;lemma=4/مَا;root=-/-}
34:25:8,59096,عَمَّا,عما,58851,34:25:8:2,2,STEM,REL,m~aA,مَّا,maA,4,مَا,,,,446,مَّا,58850,1,P,عَ,194,عَن,,,446,مَّا,exact_arabic_text_match,true,true,circular_match,contextual_idgham;same_as_head_stem;function_word_compound,,,,,P1{n=1;pos=P;form=عَ;lemma=194/عَن;root=-/-} P2{n=2;pos=REL;form=مَّا;lemma=4/مَا;root=-/-}
34:43:14,59390,عَمَّا,عما,59360,34:43:14:2,2,STEM,REL,m~aA,مَّا,maA,4,مَا,,,,446,مَّا,59359,1,P,عَ,194,عَن,,,446,مَّا,exact_arabic_text_match,true,true,circular_match,contextual_idgham;same_as_head_stem;function_word_compound,,,,,P1{n=1;pos=P;form=عَ;lemma=194/عَن;root=-/-} P2{n=2;pos=REL;form=مَّا;lemma=4/مَا;root=-/-}
34:46:2,59440,إِنَّمَآ,انما,59460,34:46:2:2,2,STEM,PREV,maA^,مَآ,maA,4,مَا,,,,12,إِنَّ,59459,1,ACC,إِنَّ,11,إِنّ,,,90,مَآ,exact_arabic_text_match,false,true,needs_review_text_match,function_word_compound,,,,,P1{n=1;pos=ACC;form=إِنَّ;lemma=11/إِنّ;root=-/-} P2{n=2;pos=PREV;form=مَآ;lemma=4/مَا;root=-/-}
34:50:4,59502,فَإِنَّمَآ,فانما,59560,34:50:4:3,3,STEM,PREV,maA^,مَآ,maA,4,مَا,,,,12,إِنَّ,59559,2,ACC,إِنَّ,11,إِنّ,,,90,مَآ,exact_arabic_text_match,false,true,needs_review_text_match,function_word_compound,,,,,P1{n=2;pos=ACC;form=إِنَّ;lemma=11/إِنّ;root=-/-} P2{n=3;pos=PREV;form=مَآ;lemma=4/مَا;root=-/-}
35:6:7,59664,إِنَّمَا,انما,60923,35:6:7:2,2,STEM,PREV,maA,مَا,maA,4,مَا,,,,12,إِنَّ,60922,1,ACC,إِنَّ,11,إِنّ,,,5,مَا,exact_arabic_text_match,false,true,needs_review_text_match,function_word_compound,,,,,P1{n=1;pos=ACC;form=إِنَّ;lemma=11/إِنّ;root=-/-} P2{n=2;pos=PREV;form=مَا;lemma=4/مَا;root=-/-}
35:18:19,59909,إِنَّمَا,انما,60029,35:18:19:2,2,STEM,PREV,maA,مَا,maA,4,مَا,,,,12,إِنَّ,60028,1,ACC,إِنَّ,11,إِنّ,,,5,مَا,exact_arabic_text_match,false,true,needs_review_text_match,function_word_compound,,,,,P1{n=1;pos=ACC;form=إِنَّ;lemma=11/إِنّ;root=-/-} P2{n=2;pos=PREV;form=مَا;lemma=4/مَا;root=-/-}
35:18:29,59919,فَإِنَّمَا,فانما,60050,35:18:29:3,3,STEM,PREV,maA,مَا,maA,4,مَا,,,,12,إِنَّ,60049,2,ACC,إِنَّ,11,إِنّ,,,5,مَا,exact_arabic_text_match,false,true,needs_review_text_match,function_word_compound,,,,,P1{n=2;pos=ACC;form=إِنَّ;lemma=11/إِنّ;root=-/-} P2{n=3;pos=PREV;form=مَا;lemma=4/مَا;root=-/-}
35:28:8,60028,إِنَّمَا,انما,60271,35:28:8:2,2,STEM,PREV,maA,مَا,maA,4,مَا,,,,12,إِنَّ,60270,1,ACC,إِنَّ,11,إِنّ,,,5,مَا,exact_arabic_text_match,false,true,needs_review_text_match,function_word_compound,,,,,P1{n=1;pos=ACC;form=إِنَّ;lemma=11/إِنّ;root=-/-} P2{n=2;pos=PREV;form=مَا;lemma=4/مَا;root=-/-}
35:29:9,60047,مِمَّا,مما,60299,35:29:9:2,2,STEM,REL,m~aA,مَّا,maA,4,مَا,,,,816,مِ,60298,1,P,مِ,130,مِن,,,446,مَّا,exact_arabic_text_match,false,true,needs_review_contextual_idgham,contextual_idgham;function_word_compound,,,,,P1{n=1;pos=P;form=مِ;lemma=130/مِن;root=-/-} P2{n=2;pos=REL;form=مَّا;lemma=4/مَا;root=-/-}
36:11:1,60451,إِنَّمَا,انما,61033,36:11:1:2,2,STEM,PREV,maA,مَا,maA,4,مَا,,,,12,إِنَّ,61032,1,ACC,إِنَّ,11,إِنّ,,,5,مَا,exact_arabic_text_match,false,true,needs_review_text_match,function_word_compound,,,,,P1{n=1;pos=ACC;form=إِنَّ;lemma=11/إِنّ;root=-/-} P2{n=2;pos=PREV;form=مَا;lemma=4/مَا;root=-/-}
36:36:6,60713,مِمَّا,مما,61452,36:36:6:2,2,STEM,REL,m~aA,مَّا,maA,4,مَا,,,,816,مِ,61451,1,P,مِ,130,مِن,,,446,مَّا,exact_arabic_text_match,false,true,needs_review_contextual_idgham,contextual_idgham;function_word_compound,,,,,P1{n=1;pos=P;form=مِ;lemma=130/مِن;root=-/-} P2{n=2;pos=REL;form=مَّا;lemma=4/مَا;root=-/-}
36:36:11,60718,وَمِمَّا,ومما,61441,36:36:11:3,3,STEM,REL,m~aA,مَّا,maA,4,مَا,,,,816,مِ,61440,2,P,مِ,130,مِن,,,446,مَّا,exact_arabic_text_match,false,true,needs_review_contextual_idgham,contextual_idgham;function_word_compound,,,,,P1{n=2;pos=P;form=مِ;lemma=130/مِن;root=-/-} P2{n=3;pos=REL;form=مَّا;lemma=4/مَا;root=-/-}
36:47:5,60826,مِمَّا,مما,61642,36:47:5:2,2,STEM,REL,m~aA,مَّا,maA,4,مَا,,,,816,مِ,61641,1,P,مِ,130,مِن,,,446,مَّا,exact_arabic_text_match,false,true,needs_review_contextual_idgham,contextual_idgham;function_word_compound,,,,,P1{n=1;pos=P;form=مِ;lemma=130/مِن;root=-/-} P2{n=2;pos=REL;form=مَّا;lemma=4/مَا;root=-/-}
36:71:6,61062,مِّمَّا,مما,61990,36:71:6:2,2,STEM,REL,m~aA,مَّا,maA,4,مَا,,,,1305,مِّ,61989,1,P,مِّ,130,مِن,,,446,مَّا,exact_arabic_text_match,false,true,needs_review_contextual_idgham,contextual_idgham;function_word_compound,,,,,P1{n=1;pos=P;form=مِّ;lemma=130/مِن;root=-/-} P2{n=2;pos=REL;form=مَّا;lemma=4/مَا;root=-/-}
36:82:1,61172,إِنَّمَآ,انما,62166,36:82:1:2,2,STEM,PREV,maA^,مَآ,maA,4,مَا,,,,12,إِنَّ,62165,1,ACC,إِنَّ,11,إِنّ,,,90,مَآ,exact_arabic_text_match,false,true,needs_review_text_match,function_word_compound,,,,,P1{n=1;pos=ACC;form=إِنَّ;lemma=11/إِنّ;root=-/-} P2{n=2;pos=PREV;form=مَآ;lemma=4/مَا;root=-/-}
37:19:1,61299,فَإِنَّمَا,فانما,63009,37:19:1:3,3,STEM,PREV,maA,مَا,maA,4,مَا,,,,12,إِنَّ,63008,2,ACC,إِنَّ,11,إِنّ,,,5,مَا,exact_arabic_text_match,false,true,needs_review_text_match,function_word_compound,,,,,P1{n=2;pos=ACC;form=إِنَّ;lemma=11/إِنّ;root=-/-} P2{n=3;pos=PREV;form=مَا;lemma=4/مَا;root=-/-}
37:159:3,62116,عَمَّا,عما,62801,37:159:3:2,2,STEM,REL,m~aA,مَّا,maA,4,مَا,,,,446,مَّا,62800,1,P,عَ,194,عَن,,,446,مَّا,exact_arabic_text_match,true,true,circular_match,contextual_idgham;same_as_head_stem;function_word_compound,,,,,P1{n=1;pos=P;form=عَ;lemma=194/عَن;root=-/-} P2{n=2;pos=REL;form=مَّا;lemma=4/مَا;root=-/-}
37:180:5,62222,عَمَّا,عما,62986,37:180:5:2,2,STEM,REL,m~aA,مَّا,maA,4,مَا,,,,446,مَّا,62985,1,P,عَ,194,عَن,,,446,مَّا,exact_arabic_text_match,true,true,circular_match,contextual_idgham;same_as_head_stem;function_word_compound,,,,,P1{n=1;pos=P;form=عَ;lemma=194/عَن;root=-/-} P2{n=2;pos=REL;form=مَّا;lemma=4/مَا;root=-/-}
38:24:26,62494,أَنَّمَا,انما,64006,38:24:26:2,2,STEM,PREV,maA,مَا,maA,4,مَا,,,,251,أَنَّ,64005,1,ACC,أَنَّ,250,أَنّ,,,5,مَا,exact_arabic_text_match,false,true,needs_review_text_match,function_word_compound,,,,,P1{n=1;pos=ACC;form=أَنَّ;lemma=250/أَنّ;root=-/-} P2{n=2;pos=PREV;form=مَا;lemma=4/مَا;root=-/-}
38:65:2,62875,إِنَّمَآ,انما,64657,38:65:2:2,2,STEM,PREV,maA^,مَآ,maA,4,مَا,,,,12,إِنَّ,64656,1,ACC,إِنَّ,11,إِنّ,,,90,مَآ,exact_arabic_text_match,false,true,needs_review_text_match,function_word_compound,,,,,P1{n=1;pos=ACC;form=إِنَّ;lemma=11/إِنّ;root=-/-} P2{n=2;pos=PREV;form=مَآ;lemma=4/مَا;root=-/-}
38:70:5,62917,أَنَّمَآ,انما,64728,38:70:5:2,2,STEM,NEG,maA^,مَآ,maA,4,مَا,,,,251,أَنَّ,64727,1,ACC,أَنَّ,250,أَنّ,,,90,مَآ,exact_arabic_text_match,false,true,needs_review_text_match,function_word_compound,,,,,P1{n=1;pos=ACC;form=أَنَّ;lemma=250/أَنّ;root=-/-} P2{n=2;pos=NEG;form=مَآ;lemma=4/مَا;root=-/-}
38:85:4,63028,وَمِمَّن,وممن,64908,38:85:4:3,3,STEM,REL,m~an,مَّن,man,130,مِن,,,,816,مِ,64907,2,P,مِ,130,مِن,,,1220,مَّن,exact_arabic_text_match,false,true,needs_review_contextual_idgham,contextual_idgham;function_word_compound,,,,,P1{n=2;pos=P;form=مِ;lemma=130/مِن;root=-/-} P2{n=3;pos=REL;form=مَّن;lemma=130/مِن;root=-/-}
39:4:8,63114,مِمَّا,مما,66010,39:4:8:2,2,STEM,REL,m~aA,مَّا,maA,4,مَا,,,,816,مِ,66009,1,P,مِ,130,مِن,,,446,مَّا,exact_arabic_text_match,false,true,needs_review_contextual_idgham,contextual_idgham;function_word_compound,,,,,P1{n=1;pos=P;form=مِ;lemma=130/مِن;root=-/-} P2{n=2;pos=REL;form=مَّا;lemma=4/مَا;root=-/-}
39:9:1,63252,أَمَّنْ,امن,66804,39:9:1:2,2,STEM,REL,m~ano,مَّنْ,man,130,مِن,,,,1184,أَ,66803,1,CONJ,أَ,1253,أَم,,,3854,مَّنْ,exact_arabic_text_match,false,true,needs_review_contextual_idgham,contextual_idgham;function_word_compound,,,,,P1{n=1;pos=CONJ;form=أَ;lemma=1253/أَم;root=-/-} P2{n=2;pos=REL;form=مَّنْ;lemma=130/مِن;root=-/-}
39:9:21,63272,إِنَّمَا,انما,66823,39:9:21:2,2,STEM,PREV,maA,مَا,maA,4,مَا,,,,12,إِنَّ,66822,1,ACC,إِنَّ,11,إِنّ,,,5,مَا,exact_arabic_text_match,false,true,needs_review_text_match,function_word_compound,,,,,P1{n=1;pos=ACC;form=إِنَّ;lemma=11/إِنّ;root=-/-} P2{n=2;pos=PREV;form=مَا;lemma=4/مَا;root=-/-}
39:10:16,63292,إِنَّمَا,انما,64986,39:10:16:2,2,STEM,PREV,maA,مَا,maA,4,مَا,,,,12,إِنَّ,64985,1,ACC,إِنَّ,11,إِنّ,,,5,مَا,exact_arabic_text_match,false,true,needs_review_text_match,function_word_compound,,,,,P1{n=1;pos=ACC;form=إِنَّ;lemma=11/إِنّ;root=-/-} P2{n=2;pos=PREV;form=مَا;lemma=4/مَا;root=-/-}
39:32:3,63609,مِمَّن,ممن,65496,39:32:3:2,2,STEM,REL,m~an,مَّن,man,130,مِن,,,,816,مِ,65495,1,P,مِ,130,مِن,,,1220,مَّن,exact_arabic_text_match,false,true,needs_review_contextual_idgham,contextual_idgham;function_word_compound,,,,,P1{n=1;pos=P;form=مِ;lemma=130/مِن;root=-/-} P2{n=2;pos=REL;form=مَّن;lemma=130/مِن;root=-/-}
39:41:12,63750,فَإِنَّمَا,فانما,65735,39:41:12:3,3,STEM,PREV,maA,مَا,maA,4,مَا,,,,12,إِنَّ,65734,2,ACC,إِنَّ,11,إِنّ,,,5,مَا,exact_arabic_text_match,false,true,needs_review_text_match,function_word_compound,,,,,P1{n=2;pos=ACC;form=إِنَّ;lemma=11/إِنّ;root=-/-} P2{n=3;pos=PREV;form=مَا;lemma=4/مَا;root=-/-}
39:49:12,63898,إِنَّمَآ,انما,65963,39:49:12:2,2,STEM,PREV,maA^,مَآ,maA,4,مَا,,,,12,إِنَّ,65962,1,ACC,إِنَّ,11,إِنّ,,,90,مَآ,exact_arabic_text_match,false,true,needs_review_text_match,function_word_compound,,,,,P1{n=1;pos=ACC;form=إِنَّ;lemma=11/إِنّ;root=-/-} P2{n=2;pos=PREV;form=مَآ;lemma=4/مَا;root=-/-}
39:67:16,64149,عَمَّا,عما,66396,39:67:16:2,2,STEM,REL,m~aA,مَّا,maA,4,مَا,,,,446,مَّا,66395,1,P,عَ,194,عَن,,,446,مَّا,exact_arabic_text_match,true,true,circular_match,contextual_idgham;same_as_head_stem;function_word_compound,,,,,P1{n=1;pos=P;form=عَ;lemma=194/عَن;root=-/-} P2{n=2;pos=REL;form=مَّا;lemma=4/مَا;root=-/-}
40:34:11,64827,مِّمَّا,مما,73178,40:34:11:2,2,STEM,REL,m~aA,مَّا,maA,4,مَا,,,,1305,مِّ,73177,1,P,مِّ,130,مِن,,,446,مَّا,exact_arabic_text_match,false,true,needs_review_contextual_idgham,contextual_idgham;function_word_compound,,,,,P1{n=1;pos=P;form=مِّ;lemma=130/مِن;root=-/-} P2{n=2;pos=REL;form=مَّا;lemma=4/مَا;root=-/-}
40:39:2,64916,إِنَّمَا,انما,73317,40:39:2:2,2,STEM,PREV,maA,مَا,maA,4,مَا,,,,12,إِنَّ,73316,1,ACC,إِنَّ,11,إِنّ,,,5,مَا,exact_arabic_text_match,false,true,needs_review_text_match,function_word_compound,,,,,P1{n=1;pos=ACC;form=إِنَّ;lemma=11/إِنّ;root=-/-} P2{n=2;pos=PREV;form=مَا;lemma=4/مَا;root=-/-}
40:43:3,64979,أَنَّمَا,انما,73453,40:43:3:2,2,STEM,REL,maA,مَا,maA,4,مَا,,,,251,أَنَّ,73452,1,ACC,أَنَّ,250,أَنّ,,,5,مَا,exact_arabic_text_match,false,true,needs_review_text_match,function_word_compound,,,,,P1{n=1;pos=ACC;form=أَنَّ;lemma=250/أَنّ;root=-/-} P2{n=2;pos=REL;form=مَا;lemma=4/مَا;root=-/-}
40:68:8,65367,فَإِنَّمَا,فانما,74088,40:68:8:3,3,STEM,PREV,maA,مَا,maA,4,مَا,,,,12,إِنَّ,74087,2,ACC,إِنَّ,11,إِنّ,,,5,مَا,exact_arabic_text_match,false,true,needs_review_text_match,function_word_compound,,,,,P1{n=2;pos=ACC;form=إِنَّ;lemma=11/إِنّ;root=-/-} P2{n=3;pos=PREV;form=مَا;lemma=4/مَا;root=-/-}
41:5:5,65633,مِّمَّا,مما,75833,41:5:5:2,2,STEM,REL,m~aA,مَّا,maA,4,مَا,,,,1305,مِّ,75832,1,P,مِّ,130,مِن,,,446,مَّا,exact_arabic_text_match,false,true,needs_review_contextual_idgham,contextual_idgham;function_word_compound,,,,,P1{n=1;pos=P;form=مِّ;lemma=130/مِن;root=-/-} P2{n=2;pos=REL;form=مَّا;lemma=4/مَا;root=-/-}
41:6:2,65648,إِنَّمَآ,انما,75860,41:6:2:2,2,STEM,PREV,maA^,مَآ,maA,4,مَا,,,,12,إِنَّ,75859,1,ACC,إِنَّ,11,إِنّ,,,90,مَآ,exact_arabic_text_match,false,true,needs_review_text_match,function_word_compound,,,,,P1{n=1;pos=ACC;form=إِنَّ;lemma=11/إِنّ;root=-/-} P2{n=2;pos=PREV;form=مَآ;lemma=4/مَا;root=-/-}
41:6:8,65654,أَنَّمَآ,انما,75869,41:6:8:2,2,STEM,PREV,maA^,مَآ,maA,4,مَا,,,,251,أَنَّ,75868,1,ACC,أَنَّ,250,أَنّ,,,90,مَآ,exact_arabic_text_match,false,true,needs_review_text_match,function_word_compound,,,,,P1{n=1;pos=ACC;form=أَنَّ;lemma=250/أَنّ;root=-/-} P2{n=2;pos=PREV;form=مَآ;lemma=4/مَا;root=-/-}
41:14:9,65769,أَلَّا,الا,74710,41:14:9:2,2,STEM,NEG,l~aA,لَّا,laA,77,لَا,,,,1184,أَ,74709,1,SUB,أَ,462,أَن,,,476,لَّا,exact_arabic_text_match,false,true,needs_review_contextual_idgham,contextual_idgham;function_word_compound,,,,,P1{n=1;pos=SUB;form=أَ;lemma=462/أَن;root=-/-} P2{n=2;pos=NEG;form=لَّا;lemma=77/لَا;root=-/-}
41:22:19,65911,مِّمَّا,مما,74911,41:22:19:2,2,STEM,REL,m~aA,مَّا,maA,4,مَا,,,,1305,مِّ,74910,1,P,مِّ,130,مِن,,,446,مَّا,exact_arabic_text_match,false,true,needs_review_contextual_idgham,contextual_idgham;function_word_compound,,,,,P1{n=1;pos=P;form=مِّ;lemma=130/مِن;root=-/-} P2{n=2;pos=REL;form=مَّا;lemma=4/مَا;root=-/-}
41:30:11,66027,أَلَّا,الا,75113,41:30:11:2,2,STEM,NEG,l~aA,لَّا,laA,77,لَا,,,,1184,أَ,75112,1,SUB,أَ,462,أَن,,,476,لَّا,exact_arabic_text_match,false,true,needs_review_contextual_idgham,contextual_idgham;function_word_compound,,,,,P1{n=1;pos=SUB;form=أَ;lemma=462/أَن;root=-/-} P2{n=2;pos=NEG;form=لَّا;lemma=77/لَا;root=-/-}
41:33:4,66062,مِّمَّن,ممن,75188,41:33:4:2,2,STEM,REL,m~an,مَّن,man,130,مِن,,,,1305,مِّ,75187,1,P,مِّ,130,مِن,,,1220,مَّن,exact_arabic_text_match,false,true,needs_review_contextual_idgham,contextual_idgham;function_word_compound,,,,,P1{n=1;pos=P;form=مِّ;lemma=130/مِن;root=-/-} P2{n=2;pos=REL;form=مَّن;lemma=130/مِن;root=-/-}
41:52:13,66415,مِمَّنْ,ممن,75746,41:52:13:2,2,STEM,REL,m~ano,مَّنْ,man,130,مِن,,,,816,مِ,75745,1,P,مِ,130,مِن,,,3854,مَّنْ,exact_arabic_text_match,false,true,needs_review_contextual_idgham,contextual_idgham;function_word_compound,,,,,P1{n=1;pos=P;form=مِ;lemma=130/مِن;root=-/-} P2{n=2;pos=REL;form=مَّنْ;lemma=130/مِن;root=-/-}
42:22:4,66841,مِمَّا,مما,76364,42:22:4:2,2,STEM,REL,m~aA,مَّا,maA,4,مَا,,,,816,مِ,76363,1,P,مِ,130,مِن,,,446,مَّا,exact_arabic_text_match,false,true,needs_review_contextual_idgham,contextual_idgham;function_word_compound,,,,,P1{n=1;pos=P;form=مِ;lemma=130/مِن;root=-/-} P2{n=2;pos=REL;form=مَّا;lemma=4/مَا;root=-/-}
42:38:9,67095,وَمِمَّا,ومما,76732,42:38:9:3,3,STEM,REL,m~aA,مَّا,maA,4,مَا,,,,816,مِ,76731,2,P,مِ,130,مِن,,,446,مَّا,exact_arabic_text_match,false,true,needs_review_contextual_idgham,contextual_idgham;function_word_compound,,,,,P1{n=2;pos=P;form=مِ;lemma=130/مِن;root=-/-} P2{n=3;pos=REL;form=مَّا;lemma=4/مَا;root=-/-}
42:42:1,67131,إِنَّمَا,انما,76796,42:42:1:2,2,STEM,PREV,maA,مَا,maA,4,مَا,,,,12,إِنَّ,76795,1,ACC,إِنَّ,11,إِنّ,,,5,مَا,exact_arabic_text_match,false,true,needs_review_text_match,function_word_compound,,,,,P1{n=1;pos=ACC;form=إِنَّ;lemma=11/إِنّ;root=-/-} P2{n=2;pos=PREV;form=مَا;lemma=4/مَا;root=-/-}
43:16:3,67506,مِمَّا,مما,77407,43:16:3:2,2,STEM,REL,m~aA,مَّا,maA,4,مَا,,,,816,مِ,77406,1,P,مِ,130,مِن,,,446,مَّا,exact_arabic_text_match,false,true,needs_review_contextual_idgham,contextual_idgham;function_word_compound,,,,,P1{n=1;pos=P;form=مِ;lemma=130/مِن;root=-/-} P2{n=2;pos=REL;form=مَّا;lemma=4/مَا;root=-/-}
43:24:5,67611,مِمَّا,مما,77578,43:24:5:2,2,STEM,REL,m~aA,مَّا,maA,4,مَا,,,,816,مِ,77577,1,P,مِ,130,مِن,,,446,مَّا,exact_arabic_text_match,false,true,needs_review_contextual_idgham,contextual_idgham;function_word_compound,,,,,P1{n=1;pos=P;form=مِ;lemma=130/مِن;root=-/-} P2{n=2;pos=REL;form=مَّا;lemma=4/مَا;root=-/-}
43:26:8,67637,مِّمَّا,مما,77613,43:26:8:2,2,STEM,REL,m~aA,مَّا,maA,4,مَا,,,,1305,مِّ,77612,1,P,مِّ,130,مِن,,,446,مَّا,exact_arabic_text_match,false,true,needs_review_contextual_idgham,contextual_idgham;function_word_compound,,,,,P1{n=1;pos=P;form=مِّ;lemma=130/مِن;root=-/-} P2{n=2;pos=REL;form=مَّا;lemma=4/مَا;root=-/-}
43:32:24,67708,مِّمَّا,مما,77716,43:32:24:2,2,STEM,REL,m~aA,مَّا,maA,4,مَا,,,,1305,مِّ,77715,1,P,مِّ,130,مِن,,,446,مَّا,exact_arabic_text_match,false,true,needs_review_contextual_idgham,contextual_idgham;function_word_compound,,,,,P1{n=1;pos=P;form=مِّ;lemma=130/مِن;root=-/-} P2{n=2;pos=REL;form=مَّا;lemma=4/مَا;root=-/-}
43:82:7,68210,عَمَّا,عما,78574,43:82:7:2,2,STEM,REL,m~aA,مَّا,maA,4,مَا,,,,446,مَّا,78573,1,P,عَ,194,عَن,,,446,مَّا,exact_arabic_text_match,true,true,circular_match,contextual_idgham;same_as_head_stem;function_word_compound,,,,,P1{n=1;pos=P;form=عَ;lemma=194/عَن;root=-/-} P2{n=2;pos=REL;form=مَّا;lemma=4/مَا;root=-/-}
44:58:1,68681,فَإِنَّمَا,فانما,79225,44:58:1:3,3,STEM,PREV,maA,مَا,maA,4,مَا,,,,12,إِنَّ,79224,2,ACC,إِنَّ,11,إِنّ,,,5,مَا,exact_arabic_text_match,false,true,needs_review_text_match,function_word_compound,,,,,P1{n=2;pos=ACC;form=إِنَّ;lemma=11/إِنّ;root=-/-} P2{n=3;pos=PREV;form=مَا;lemma=4/مَا;root=-/-}
45:17:21,68908,فِيمَا,فيما,79486,45:17:21:2,2,STEM,REL,maA,مَا,maA,4,مَا,,,,653,فِي,79485,1,P,فِي,6,فِى,,,5,مَا,exact_arabic_text_match,false,true,needs_review_text_match,function_word_compound,,,,,P1{n=1;pos=P;form=فِي;lemma=6/فِى;root=-/-} P2{n=2;pos=REL;form=مَا;lemma=4/مَا;root=-/-}
46:3:13,69237,عَمَّآ,عما,80951,46:3:13:2,2,STEM,REL,m~aA^,مَّآ,maA,4,مَا,,,,1154,مَّآ,80950,1,P,عَ,194,عَن,,,1154,مَّآ,exact_arabic_text_match,true,true,circular_match,contextual_idgham;same_as_head_stem;function_word_compound,,,,,P1{n=1;pos=P;form=عَ;lemma=194/عَن;root=-/-} P2{n=2;pos=REL;form=مَّآ;lemma=4/مَا;root=-/-}
46:5:3,69273,مِمَّن,ممن,81031,46:5:3:2,2,STEM,REL,m~an,مَّن,man,130,مِن,,,,816,مِ,81030,1,P,مِ,130,مِن,,,1220,مَّن,exact_arabic_text_match,false,true,needs_review_contextual_idgham,contextual_idgham;function_word_compound,,,,,P1{n=1;pos=P;form=مِ;lemma=130/مِن;root=-/-} P2{n=2;pos=REL;form=مَّن;lemma=130/مِن;root=-/-}
46:19:3,69566,مِّمَّا,مما,80411,46:19:3:2,2,STEM,REL,m~aA,مَّا,maA,4,مَا,,,,1305,مِّ,80410,1,P,مِّ,130,مِن,,,446,مَّا,exact_arabic_text_match,false,true,needs_review_contextual_idgham,contextual_idgham;function_word_compound,,,,,P1{n=1;pos=P;form=مِّ;lemma=130/مِن;root=-/-} P2{n=2;pos=REL;form=مَّا;lemma=4/مَا;root=-/-}
46:21:16,69617,أَلَّا,الا,80490,46:21:16:2,2,STEM,PRO,l~aA,لَّا,laA,77,لَا,,,,1184,أَ,80489,1,INT,أَ,462,أَن,,,476,لَّا,exact_arabic_text_match,false,true,needs_review_contextual_idgham,contextual_idgham;function_word_compound,,,,,P1{n=1;pos=INT;form=أَ;lemma=462/أَن;root=-/-} P2{n=2;pos=PRO;form=لَّا;lemma=77/لَا;root=-/-}
46:23:2,69642,إِنَّمَا,انما,80550,46:23:2:2,2,STEM,PREV,maA,مَا,maA,4,مَا,,,,12,إِنَّ,80549,1,ACC,إِنَّ,11,إِنّ,,,5,مَا,exact_arabic_text_match,false,true,needs_review_text_match,function_word_compound,,,,,P1{n=1;pos=ACC;form=إِنَّ;lemma=11/إِنّ;root=-/-} P2{n=2;pos=PREV;form=مَا;lemma=4/مَا;root=-/-}
46:26:3,69691,فِيمَآ,فيما,80653,46:26:3:2,2,STEM,REL,maA^,مَآ,maA,4,مَا,,,,653,فِي,80652,1,P,فِي,6,فِى,,,90,مَآ,exact_arabic_text_match,false,true,needs_review_text_match,function_word_compound,,,,,P1{n=1;pos=P;form=فِي;lemma=6/فِى;root=-/-} P2{n=2;pos=REL;form=مَآ;lemma=4/مَا;root=-/-}
47:36:1,70420,إِنَّمَا,انما,81831,47:36:1:2,2,STEM,PREV,maA,مَا,maA,4,مَا,,,,12,إِنَّ,81830,1,ACC,إِنَّ,11,إِنّ,,,5,مَا,exact_arabic_text_match,false,true,needs_review_text_match,function_word_compound,,,,,P1{n=1;pos=ACC;form=إِنَّ;lemma=11/إِنّ;root=-/-} P2{n=2;pos=PREV;form=مَا;lemma=4/مَا;root=-/-}
47:38:13,70453,فَإِنَّمَا,فانما,81877,47:38:13:3,3,STEM,PREV,maA,مَا,maA,4,مَا,,,,12,إِنَّ,81876,2,ACC,إِنَّ,11,إِنّ,,,5,مَا,exact_arabic_text_match,false,true,needs_review_text_match,function_word_compound,,,,,P1{n=2;pos=ACC;form=إِنَّ;lemma=11/إِنّ;root=-/-} P2{n=3;pos=PREV;form=مَا;lemma=4/مَا;root=-/-}
48:10:4,70587,إِنَّمَا,انما,82100,48:10:4:2,2,STEM,PREV,maA,مَا,maA,4,مَا,,,,12,إِنَّ,82099,1,ACC,إِنَّ,11,إِنّ,,,5,مَا,exact_arabic_text_match,false,true,needs_review_text_match,function_word_compound,,,,,P1{n=1;pos=ACC;form=إِنَّ;lemma=11/إِنّ;root=-/-} P2{n=2;pos=PREV;form=مَا;lemma=4/مَا;root=-/-}
48:10:13,70596,فَإِنَّمَا,فانما,82075,48:10:13:3,3,STEM,PREV,maA,مَا,maA,4,مَا,,,,12,إِنَّ,82074,2,ACC,إِنَّ,11,إِنّ,,,5,مَا,exact_arabic_text_match,false,true,needs_review_text_match,function_word_compound,,,,,P1{n=2;pos=ACC;form=إِنَّ;lemma=11/إِنّ;root=-/-} P2{n=3;pos=PREV;form=مَا;lemma=4/مَا;root=-/-}
49:10:1,71226,إِنَّمَا,انما,82984,49:10:1:2,2,STEM,PREV,maA,مَا,maA,4,مَا,,,,12,إِنَّ,82983,1,ACC,إِنَّ,11,إِنّ,,,5,مَا,exact_arabic_text_match,false,true,needs_review_text_match,function_word_compound,,,,,P1{n=1;pos=ACC;form=إِنَّ;lemma=11/إِنّ;root=-/-} P2{n=2;pos=PREV;form=مَا;lemma=4/مَا;root=-/-}
49:15:1,71358,إِنَّمَا,انما,83186,49:15:1:2,2,STEM,PREV,maA,مَا,maA,4,مَا,,,,12,إِنَّ,83185,1,ACC,إِنَّ,11,إِنّ,,,5,مَا,exact_arabic_text_match,false,true,needs_review_text_match,function_word_compound,,,,,P1{n=1;pos=ACC;form=إِنَّ;lemma=11/إِنّ;root=-/-} P2{n=2;pos=PREV;form=مَا;lemma=4/مَا;root=-/-}
51:5:1,71855,إِنَّمَا,انما,90837,51:5:1:2,2,STEM,PREV,maA,مَا,maA,4,مَا,,,,12,إِنَّ,90836,1,ACC,إِنَّ,11,إِنّ,,,5,مَا,exact_arabic_text_match,false,true,needs_review_text_match,function_word_compound,,,,,P1{n=1;pos=ACC;form=إِنَّ;lemma=11/إِنّ;root=-/-} P2{n=2;pos=PREV;form=مَا;lemma=4/مَا;root=-/-}
52:16:8,72338,إِنَّمَا,انما,90939,52:16:8:2,2,STEM,PREV,maA,مَا,maA,4,مَا,,,,12,إِنَّ,90938,1,ACC,إِنَّ,11,إِنّ,,,5,مَا,exact_arabic_text_match,false,true,needs_review_text_match,function_word_compound,,,,,P1{n=1;pos=ACC;form=إِنَّ;lemma=11/إِنّ;root=-/-} P2{n=2;pos=PREV;form=مَا;lemma=4/مَا;root=-/-}
52:22:4,72397,مِّمَّا,مما,91032,52:22:4:2,2,STEM,REL,m~aA,مَّا,maA,4,مَا,,,,1305,مِّ,91031,1,P,مِّ,130,مِن,,,446,مَّا,exact_arabic_text_match,false,true,needs_review_contextual_idgham,contextual_idgham;function_word_compound,,,,,P1{n=1;pos=P;form=مِّ;lemma=130/مِن;root=-/-} P2{n=2;pos=REL;form=مَّا;lemma=4/مَا;root=-/-}
52:43:8,72565,عَمَّا,عما,91272,52:43:8:2,2,STEM,REL,m~aA,مَّا,maA,4,مَا,,,,446,مَّا,91271,1,P,عَ,194,عَن,,,446,مَّا,exact_arabic_text_match,true,true,circular_match,contextual_idgham;same_as_head_stem;function_word_compound,,,,,P1{n=1;pos=P;form=عَ;lemma=194/عَن;root=-/-} P2{n=2;pos=REL;form=مَّا;lemma=4/مَا;root=-/-}
53:38:1,72919,أَلَّا,الا,91754,53:38:1:2,2,STEM,NEG,l~aA,لَّا,laA,77,لَا,,,,1184,أَ,91753,1,SUB,أَ,462,أَن,,,476,لَّا,exact_arabic_text_match,false,true,needs_review_contextual_idgham,contextual_idgham;function_word_compound,,,,,P1{n=1;pos=SUB;form=أَ;lemma=462/أَن;root=-/-} P2{n=2;pos=NEG;form=لَّا;lemma=77/لَا;root=-/-}
55:8:1,73467,أَلَّا,الا,93148,55:8:1:2,2,STEM,PRO,l~aA,لَّا,laA,77,لَا,,,,1184,أَ,93147,1,INT,أَ,462,أَن,,,476,لَّا,exact_arabic_text_match,false,true,needs_review_contextual_idgham,contextual_idgham;function_word_compound,,,,,P1{n=1;pos=INT;form=أَ;lemma=462/أَن;root=-/-} P2{n=2;pos=PRO;form=لَّا;lemma=77/لَا;root=-/-}
56:20:2,73956,مِّمَّا,مما,93225,56:20:2:2,2,STEM,REL,m~aA,مَّا,maA,4,مَا,,,,1305,مِّ,93224,1,P,مِّ,130,مِن,,,446,مَّا,exact_arabic_text_match,false,true,needs_review_contextual_idgham,contextual_idgham;function_word_compound,,,,,P1{n=1;pos=P;form=مِّ;lemma=130/مِن;root=-/-} P2{n=2;pos=REL;form=مَّا;lemma=4/مَا;root=-/-}
56:21:3,73961,مِّمَّا,مما,93232,56:21:3:2,2,STEM,REL,m~aA,مَّا,maA,4,مَا,,,,1305,مِّ,93231,1,P,مِّ,130,مِن,,,446,مَّا,exact_arabic_text_match,false,true,needs_review_contextual_idgham,contextual_idgham;function_word_compound,,,,,P1{n=1;pos=P;form=مِّ;lemma=130/مِن;root=-/-} P2{n=2;pos=REL;form=مَّا;lemma=4/مَا;root=-/-}
57:7:5,74442,مِمَّا,مما,94710,57:7:5:2,2,STEM,REL,m~aA,مَّا,maA,4,مَا,,,,816,مِ,94709,1,P,مِ,130,مِن,,,446,مَّا,exact_arabic_text_match,false,true,needs_review_contextual_idgham,contextual_idgham;function_word_compound,,,,,P1{n=1;pos=P;form=مِ;lemma=130/مِن;root=-/-} P2{n=2;pos=REL;form=مَّا;lemma=4/مَا;root=-/-}
57:10:3,74490,أَلَّا,الا,93827,57:10:3:2,2,STEM,NEG,l~aA,لَّا,laA,77,لَا,,,,1184,أَ,93826,1,SUB,أَ,462,أَن,,,476,لَّا,exact_arabic_text_match,false,true,needs_review_contextual_idgham,contextual_idgham;function_word_compound,,,,,P1{n=1;pos=SUB;form=أَ;lemma=462/أَن;root=-/-} P2{n=2;pos=NEG;form=لَّا;lemma=77/لَا;root=-/-}
57:20:2,74705,أَنَّمَا,انما,94183,57:20:2:2,2,STEM,PREV,maA,مَا,maA,4,مَا,,,,251,أَنَّ,94182,1,ACC,أَنَّ,250,أَنّ,,,5,مَا,exact_arabic_text_match,false,true,needs_review_text_match,function_word_compound,,,,,P1{n=1;pos=ACC;form=أَنَّ;lemma=250/أَنّ;root=-/-} P2{n=2;pos=PREV;form=مَا;lemma=4/مَا;root=-/-}
57:29:5,74931,أَلَّا,الا,94560,57:29:5:2,2,STEM,NEG,l~aA,لَّا,laA,77,لَا,,,,1184,أَ,94559,1,SUB,أَ,462,أَن,,,476,لَّا,exact_arabic_text_match,false,true,needs_review_contextual_idgham,contextual_idgham;function_word_compound,,,,,P1{n=1;pos=SUB;form=أَ;lemma=462/أَن;root=-/-} P2{n=2;pos=NEG;form=لَّا;lemma=77/لَا;root=-/-}
58:10:1,75184,إِنَّمَا,انما,94773,58:10:1:2,2,STEM,PREV,maA,مَا,maA,4,مَا,,,,12,إِنَّ,94772,1,ACC,إِنَّ,11,إِنّ,,,5,مَا,exact_arabic_text_match,false,true,needs_review_text_match,function_word_compound,,,,,P1{n=1;pos=ACC;form=إِنَّ;lemma=11/إِنّ;root=-/-} P2{n=2;pos=PREV;form=مَا;lemma=4/مَا;root=-/-}
59:9:16,75637,مِّمَّآ,مما,96235,59:9:16:2,2,STEM,REL,m~aA^,مَّآ,maA,4,مَا,,,,1305,مِّ,96234,1,P,مِّ,130,مِن,,,1154,مَّآ,exact_arabic_text_match,false,true,needs_review_contextual_idgham,contextual_idgham;function_word_compound,,,,,P1{n=1;pos=P;form=مِّ;lemma=130/مِن;root=-/-} P2{n=2;pos=REL;form=مَّآ;lemma=4/مَا;root=-/-}
59:23:18,75892,عَمَّا,عما,95909,59:23:18:2,2,STEM,SUB,m~aA,مَّا,maA,4,مَا,,,,446,مَّا,95908,1,P,عَ,194,عَن,,,446,مَّا,exact_arabic_text_match,true,true,circular_match,contextual_idgham;same_as_head_stem;function_word_compound,,,,,P1{n=1;pos=P;form=عَ;lemma=194/عَن;root=-/-} P2{n=2;pos=SUB;form=مَّا;lemma=4/مَا;root=-/-}
60:4:16,76005,وَمِمَّا,ومما,101335,60:4:16:3,3,STEM,REL,m~aA,مَّا,maA,4,مَا,,,,816,مِ,101334,2,P,مِ,130,مِن,,,446,مَّا,exact_arabic_text_match,false,true,needs_review_contextual_idgham,contextual_idgham;function_word_compound,,,,,P1{n=2;pos=P;form=مِ;lemma=130/مِن;root=-/-} P2{n=3;pos=REL;form=مَّا;lemma=4/مَا;root=-/-}
60:9:1,76115,إِنَّمَا,انما,101522,60:9:1:2,2,STEM,PREV,maA,مَا,maA,4,مَا,,,,12,إِنَّ,101521,1,ACC,إِنَّ,11,إِنّ,,,5,مَا,exact_arabic_text_match,false,true,needs_review_text_match,function_word_compound,,,,,P1{n=1;pos=ACC;form=إِنَّ;lemma=11/إِنّ;root=-/-} P2{n=2;pos=PREV;form=مَا;lemma=4/مَا;root=-/-}
61:7:3,76375,مِمَّنِ,ممن,101854,61:7:3:2,2,STEM,REL,m~ani,مَّنِ,man,130,مِن,,,,816,مِ,101853,1,P,مِ,130,مِن,,,5552,مَّنِ,exact_arabic_text_match,false,true,needs_review_contextual_idgham,contextual_idgham;function_word_compound,,,,,P1{n=1;pos=P;form=مِ;lemma=130/مِن;root=-/-} P2{n=2;pos=REL;form=مَّنِ;lemma=130/مِن;root=-/-}
64:12:7,77065,فَإِنَّمَا,فانما,102561,64:12:7:3,3,STEM,PREV,maA,مَا,maA,4,مَا,,,,12,إِنَّ,102560,2,ACC,إِنَّ,11,إِنّ,,,5,مَا,exact_arabic_text_match,false,true,needs_review_text_match,function_word_compound,,,,,P1{n=2;pos=ACC;form=إِنَّ;lemma=11/إِنّ;root=-/-} P2{n=3;pos=PREV;form=مَا;lemma=4/مَا;root=-/-}
64:15:1,77100,إِنَّمَآ,انما,102613,64:15:1:2,2,STEM,PREV,maA^,مَآ,maA,4,مَا,,,,12,إِنَّ,102612,1,ACC,إِنَّ,11,إِنّ,,,90,مَآ,exact_arabic_text_match,false,true,needs_review_text_match,function_word_compound,,,,,P1{n=1;pos=ACC;form=إِنَّ;lemma=11/إِنّ;root=-/-} P2{n=2;pos=PREV;form=مَآ;lemma=4/مَا;root=-/-}
65:7:11,77327,مِمَّآ,مما,103316,65:7:11:2,2,STEM,REL,m~aA^,مَّآ,maA,4,مَا,,,,816,مِ,103315,1,P,مِ,130,مِن,,,1154,مَّآ,exact_arabic_text_match,false,true,needs_review_contextual_idgham,contextual_idgham;function_word_compound,,,,,P1{n=1;pos=P;form=مِ;lemma=130/مِن;root=-/-} P2{n=2;pos=REL;form=مَّآ;lemma=4/مَا;root=-/-}
66:7:7,77570,إِنَّمَا,انما,103685,66:7:7:2,2,STEM,PREV,maA,مَا,maA,4,مَا,,,,12,إِنَّ,103684,1,ACC,إِنَّ,11,إِنّ,,,5,مَا,exact_arabic_text_match,false,true,needs_review_text_match,function_word_compound,,,,,P1{n=1;pos=ACC;form=إِنَّ;lemma=11/إِنّ;root=-/-} P2{n=2;pos=PREV;form=مَا;lemma=4/مَا;root=-/-}
67:20:1,77931,أَمَّنْ,امن,103967,67:20:1:2,2,STEM,INTG,m~ano,مَّنْ,man,130,مِن,,,,1184,أَ,103966,1,CONJ,أَ,1253,أَم,,,3854,مَّنْ,exact_arabic_text_match,false,true,needs_review_contextual_idgham,contextual_idgham;function_word_compound,,,,,P1{n=1;pos=CONJ;form=أَ;lemma=1253/أَم;root=-/-} P2{n=2;pos=INTG;form=مَّنْ;lemma=130/مِن;root=-/-}
67:21:1,77947,أَمَّنْ,امن,103987,67:21:1:2,2,STEM,INTG,m~ano,مَّنْ,man,130,مِن,,,,1184,أَ,103986,1,CONJ,أَ,1253,أَم,,,3854,مَّنْ,exact_arabic_text_match,false,true,needs_review_contextual_idgham,contextual_idgham;function_word_compound,,,,,P1{n=1;pos=CONJ;form=أَ;lemma=1253/أَم;root=-/-} P2{n=2;pos=INTG;form=مَّنْ;lemma=130/مِن;root=-/-}
67:22:7,77966,أَمَّن,امن,104016,67:22:7:2,2,STEM,REL,m~an,مَّن,man,130,مِن,,,,1184,أَ,104015,1,CONJ,أَ,1253,أَم,,,1220,مَّن,exact_arabic_text_match,false,true,needs_review_contextual_idgham,contextual_idgham;function_word_compound,,,,,P1{n=1;pos=CONJ;form=أَ;lemma=1253/أَم;root=-/-} P2{n=2;pos=REL;form=مَّن;lemma=130/مِن;root=-/-}
67:26:2,78004,إِنَّمَا,انما,104066,67:26:2:2,2,STEM,PREV,maA,مَا,maA,4,مَا,,,,12,إِنَّ,104065,1,ACC,إِنَّ,11,إِنّ,,,5,مَا,exact_arabic_text_match,false,true,needs_review_text_match,function_word_compound,,,,,P1{n=1;pos=ACC;form=إِنَّ;lemma=11/إِنّ;root=-/-} P2{n=2;pos=PREV;form=مَا;lemma=4/مَا;root=-/-}
67:26:6,78008,وَإِنَّمَآ,وانما,104073,67:26:6:3,3,STEM,PREV,maA^,مَآ,maA,4,مَا,,,,12,إِنَّ,104072,2,ACC,إِنَّ,11,إِنّ,,,90,مَآ,exact_arabic_text_match,false,true,needs_review_text_match,function_word_compound,,,,,P1{n=2;pos=ACC;form=إِنَّ;lemma=11/إِنّ;root=-/-} P2{n=3;pos=PREV;form=مَآ;lemma=4/مَا;root=-/-}
70:39:4,78942,مِّمَّا,مما,110505,70:39:4:2,2,STEM,REL,m~aA,مَّا,maA,4,مَا,,,,1305,مِّ,110504,1,P,مِّ,130,مِن,,,446,مَّا,exact_arabic_text_match,false,true,needs_review_contextual_idgham,contextual_idgham;function_word_compound,,,,,P1{n=1;pos=P;form=مِّ;lemma=130/مِن;root=-/-} P2{n=2;pos=REL;form=مَّا;lemma=4/مَا;root=-/-}
71:25:1,79194,مِّمَّا,مما,110810,71:25:1:2,2,STEM,PREV,m~aA,مَّا,maA,4,مَا,,,,1305,مِّ,110809,1,P,مِّ,130,مِن,,,446,مَّا,exact_arabic_text_match,false,true,needs_review_contextual_idgham,contextual_idgham;function_word_compound,,,,,P1{n=1;pos=P;form=مِّ;lemma=130/مِن;root=-/-} P2{n=2;pos=PREV;form=مَّا;lemma=4/مَا;root=-/-}
72:16:1,79411,وَأَلَّوِ,والو,111115,72:16:1:3,3,STEM,COND,l~awi,لَّوِ,law,175,لَو,,,,1184,أَ,111114,2,SUB,أَ,462,أَن,,,,,no_text_match,false,false,no_text_match,contextual_idgham;no_text_match;function_word_compound,,,,,P1{n=2;pos=SUB;form=أَ;lemma=462/أَن;root=-/-} P2{n=3;pos=COND;form=لَّوِ;lemma=175/لَو;root=-/-}
72:20:2,79451,إِنَّمَآ,انما,111194,72:20:2:2,2,STEM,PREV,maA^,مَآ,maA,4,مَا,,,,12,إِنَّ,111193,1,ACC,إِنَّ,11,إِنّ,,,90,مَآ,exact_arabic_text_match,false,true,needs_review_text_match,function_word_compound,,,,,P1{n=1;pos=ACC;form=إِنَّ;lemma=11/إِنّ;root=-/-} P2{n=2;pos=PREV;form=مَآ;lemma=4/مَا;root=-/-}
75:3:3,80100,أَلَّن,الن,112364,75:3:3:2,2,STEM,NEG,l~an,لَّن,lan,2306,لَن,,,,1184,أَ,112363,1,SUB,أَ,462,أَن,,,6554,لَّن,exact_arabic_text_match,false,true,needs_review_contextual_idgham,contextual_idgham;function_word_compound,,,,,P1{n=1;pos=SUB;form=أَ;lemma=462/أَن;root=-/-} P2{n=2;pos=NEG;form=لَّن;lemma=2306/لَن;root=-/-}
76:9:1,80363,إِنَّمَا,انما,112780,76:9:1:2,2,STEM,PREV,maA,مَا,maA,4,مَا,,,,12,إِنَّ,112779,1,ACC,إِنَّ,11,إِنّ,,,5,مَا,exact_arabic_text_match,false,true,needs_review_text_match,function_word_compound,,,,,P1{n=1;pos=ACC;form=إِنَّ;lemma=11/إِنّ;root=-/-} P2{n=2;pos=PREV;form=مَا;lemma=4/مَا;root=-/-}
77:7:1,80585,إِنَّمَا,انما,113085,77:7:1:2,2,STEM,REL,maA,مَا,maA,4,مَا,,,,12,إِنَّ,113084,1,ACC,إِنَّ,11,إِنّ,,,5,مَا,exact_arabic_text_match,false,true,needs_review_text_match,function_word_compound,,,,,P1{n=1;pos=ACC;form=إِنَّ;lemma=11/إِنّ;root=-/-} P2{n=2;pos=REL;form=مَا;lemma=4/مَا;root=-/-}
77:42:2,80752,مِمَّا,مما,113009,77:42:2:2,2,STEM,REL,m~aA,مَّا,maA,4,مَا,,,,816,مِ,113008,1,P,مِ,130,مِن,,,446,مَّا,exact_arabic_text_match,false,true,needs_review_contextual_idgham,contextual_idgham;function_word_compound,,,,,P1{n=1;pos=P;form=مِ;lemma=130/مِن;root=-/-} P2{n=2;pos=REL;form=مَّا;lemma=4/مَا;root=-/-}
78:1:1,80797,عَمَّ,عم,113165,78:1:1:2,2,STEM,INTG,m~a,مَّ,maA,4,مَا,,,,17153,عَمَّ,113164,1,P,عَ,194,عَن,,,17791,مَّ,exact_arabic_text_match,false,true,needs_new_or_canonical_stem_decision,contextual_idgham;function_word_compound;artifact_stem_text,,,,,P1{n=1;pos=P;form=عَ;lemma=194/عَن;root=-/-} P2{n=2;pos=INTG;form=مَّ;lemma=4/مَا;root=-/-}
79:13:1,81056,فَإِنَّمَا,فانما,113403,79:13:1:3,3,STEM,PREV,maA,مَا,maA,4,مَا,,,,12,إِنَّ,113402,2,ACC,إِنَّ,11,إِنّ,,,5,مَا,exact_arabic_text_match,false,true,needs_review_text_match,function_word_compound,,,,,P1{n=2;pos=ACC;form=إِنَّ;lemma=11/إِنّ;root=-/-} P2{n=3;pos=PREV;form=مَا;lemma=4/مَا;root=-/-}
79:43:1,81210,فِيمَ,فيم,113624,79:43:1:2,2,STEM,INTG,ma,مَ,maA,4,مَا,,,,4727,مَ,113623,1,P,فِي,6,فِى,,,4727,مَ,exact_arabic_text_match,true,true,circular_match,same_as_head_stem;function_word_compound,,,,,P1{n=1;pos=P;form=فِي;lemma=6/فِى;root=-/-} P2{n=2;pos=INTG;form=مَ;lemma=4/مَا;root=-/-}
79:45:1,81219,إِنَّمَآ,انما,113635,79:45:1:2,2,STEM,PREV,maA^,مَآ,maA,4,مَا,,,,12,إِنَّ,113634,1,ACC,إِنَّ,11,إِنّ,,,90,مَآ,exact_arabic_text_match,false,true,needs_review_text_match,function_word_compound,,,,,P1{n=1;pos=ACC;form=إِنَّ;lemma=11/إِنّ;root=-/-} P2{n=2;pos=PREV;form=مَآ;lemma=4/مَا;root=-/-}
80:7:3,81262,أَلَّا,الا,119599,80:7:3:2,2,STEM,NEG,l~aA,لَّا,laA,77,لَا,,,,1184,أَ,119598,1,SUB,أَ,462,أَن,,,476,لَّا,exact_arabic_text_match,false,true,needs_review_contextual_idgham,contextual_idgham;function_word_compound,,,,,P1{n=1;pos=SUB;form=أَ;lemma=462/أَن;root=-/-} P2{n=2;pos=NEG;form=لَّا;lemma=77/لَا;root=-/-}
86:5:3,82130,مِمَّ,مم,120588,86:5:3:2,2,STEM,REL,m~a,مَّ,maA,4,مَا,,,,17791,مَّ,120587,1,P,مِ,130,مِن,,,17791,مَّ,exact_arabic_text_match,true,true,circular_match,contextual_idgham;same_as_head_stem;function_word_compound;artifact_stem_text,,,,,P1{n=1;pos=P;form=مِ;lemma=130/مِن;root=-/-} P2{n=2;pos=REL;form=مَّ;lemma=4/مَا;root=-/-}
88:21:2,82370,إِنَّمَآ,انما,120789,88:21:2:2,2,STEM,PREV,maA^,مَآ,maA,4,مَا,,,,12,إِنَّ,120788,1,ACC,إِنَّ,11,إِنّ,,,90,مَآ,exact_arabic_text_match,false,true,needs_review_text_match,function_word_compound,,,,,P1{n=1;pos=ACC;form=إِنَّ;lemma=11/إِنّ;root=-/-} P2{n=2;pos=PREV;form=مَآ;lemma=4/مَا;root=-/-}
